,t1_general_traditional_WIN%,t1_general_traditional_+/-,t1_general_advanced_NetRtg,t1_general_advanced_eFG%,t1_general_advanced_PIE,t1_clutch-traditional_Win Percentage,t1_clutch-traditional_Points,t1_clutch-opponent_Opponent's Field Goal Percentage,t1_clutch-opponent_Opponent's Offensive Rebounds,t1_seed,t1_series_wins,t2_general_traditional_WIN%,t2_general_traditional_3PM,t2_general_traditional_STL,t2_general_traditional_+/-,t2_general_advanced_PIE,t2_general_advanced_POSS,t2_clutch-traditional_Win Percentage,t2_clutch-traditional_Free Throw Percentage,t2_clutch-traditional_Defensive Rebounds,t2_clutch-advanced_Net Rating,t2_clutch-advanced_Offensive Rebounding Percentage,t2_clutch-opponent_Opponent's Turnovers,t2_seed,t2_series_wins,outcome
0,56.10000000000001,2.1,2.1,45.7,52.7,48.9,7.6,41.8,0.8,6,3,61.0,5.8,7.7,2.3,52.3,7331.0,62.3,74.5,2.6,6.0,30.0,1.2,3,0,1
1,63.4,3.9,4.2,49.9,51.9,61.2,7.6,40.2,1.0,2,3,52.400000000000006,6.0,8.2,1.0,49.5,7828.0,49.0,73.4,2.5,-8.7,30.8,1.2,7,1,1
2,50.0,-0.2,-0.2,47.1,51.0,54.3,9.0,37.2,1.1,8,1,68.30000000000001,3.2,8.4,4.3,53.6,7619.0,65.0,74.7,2.8,8.2,33.7,1.1,1,3,0
3,58.5,2.6,3.0,47.6,52.0,57.5,7.7,31.1,1.2,4,2,57.3,5.2,7.3,2.3,52.2,7671.0,52.3,78.9,3.0,4.9,34.2,1.0,5,3,0
4,64.60000000000001,4.3,4.4,49.8,52.3,54.3,8.3,40.3,1.3,5,3,64.60000000000001,4.0,8.1,4.7,54.8,7503.0,62.2,79.8,2.3,21.2,42.3,0.7,4,2,1
5,68.30000000000001,3.4,3.5,49.8,53.2,66.0,9.2,40.3,0.8,2,3,61.0,4.5,8.2,4.2,54.4,7475.0,52.3,76.4,2.1,7.7,32.8,0.8,7,0,1
6,62.2,2.2,2.3,46.0,52.1,63.0,8.6,35.7,1.1,6,1,67.10000000000001,5.8,9.7,5.8,54.0,8010.0,58.7,77.8,3.7,7.1,30.4,1.7,3,3,0
7,57.3,1.4,1.6,48.2,51.8,53.5,8.6,41.8,1.1,8,1,70.7,5.4,6.9,7.8,57.3,7514.0,40.0,66.0,2.9,-3.4,28.9,1.0,1,3,0
8,56.10000000000001,2.1,2.1,45.7,52.7,48.9,7.6,41.8,0.8,6,3,63.4,6.9,8.2,3.9,51.9,7733.0,61.2,75.8,2.2,4.6,37.4,0.7,2,4,0
9,68.30000000000001,4.3,4.6,46.8,53.6,65.0,9.6,39.4,1.2,1,4,57.3,5.2,7.3,2.3,52.2,7671.0,52.3,78.9,3.0,4.9,34.2,1.0,5,3,1
10,68.30000000000001,3.4,3.5,49.8,53.2,66.0,9.2,40.3,0.8,2,4,67.10000000000001,5.8,9.7,5.8,54.0,8010.0,58.7,77.8,3.7,7.1,30.4,1.7,3,0,1
11,64.60000000000001,4.3,4.4,49.8,52.3,54.3,8.3,40.3,1.3,5,1,70.7,5.4,6.9,7.8,57.3,7514.0,40.0,66.0,2.9,-3.4,28.9,1.0,1,4,0
12,63.4,3.9,4.2,49.9,51.9,61.2,7.6,40.2,1.0,2,3,68.30000000000001,3.2,8.4,4.3,53.6,7619.0,65.0,74.7,2.8,8.2,33.7,1.1,1,4,0
13,68.30000000000001,3.4,3.5,49.8,53.2,66.0,9.2,40.3,0.8,2,4,70.7,5.4,6.9,7.8,57.3,7514.0,40.0,66.0,2.9,-3.4,28.9,1.0,1,0,1
14,68.30000000000001,3.4,3.5,49.8,53.2,66.0,9.2,40.3,0.8,2,4,68.30000000000001,3.2,8.4,4.3,53.6,7619.0,65.0,74.7,2.8,8.2,33.7,1.1,1,1,1
15,59.8,2.2,2.2,47.6,50.0,58.8,9.7,34.5,1.2,3,3,52.400000000000006,2.6,8.6,1.6,52.0,7424.0,52.2,82.6,2.3,4.2,33.5,1.0,6,2,1
16,53.7,1.0,1.2,46.6,51.3,55.1,7.8,39.2,0.8,4,3,53.7,7.6,8.1,1.6,49.7,7805.0,52.8,79.4,2.5,3.9,26.3,1.0,5,1,1
17,61.0,2.1,2.3,49.7,52.3,60.0,7.6,37.2,0.9,2,3,51.2,4.7,8.4,-0.4,49.6,7414.0,56.3,72.0,2.7,3.1,35.4,1.3,7,2,1
18,51.2,0.3,0.4,47.7,51.0,42.9,8.0,42.0,1.1,8,2,63.4,4.9,8.7,4.2,53.7,7707.0,56.1,73.2,2.9,-0.3,37.1,1.2,1,3,0
19,69.5,4.3,4.3,50.7,51.7,64.1,10.4,41.8,1.3,4,3,61.0,4.8,6.4,3.4,52.9,7578.0,53.7,81.1,2.4,-7.5,35.5,0.9,5,0,1
20,70.7,7.1,7.6,49.8,54.9,59.0,8.6,36.6,1.4,3,3,59.8,5.7,8.6,3.0,51.8,7482.0,60.0,73.4,2.0,10.4,39.1,1.1,6,0,1
21,74.4,7.6,8.1,49.7,55.2,74.2,8.7,37.4,1.1,1,3,53.7,3.4,9.1,0.9,53.0,7582.0,46.5,78.3,2.7,-6.5,40.4,1.0,8,1,1
22,70.7,6.2,6.9,49.2,55.4,56.8,7.8,40.8,0.9,2,3,54.900000000000006,6.0,8.5,3.0,52.2,7468.0,45.5,70.8,2.5,-3.0,35.3,0.9,7,2,1
23,59.8,2.2,2.2,47.6,50.0,58.8,9.7,34.5,1.2,3,4,61.0,6.9,7.9,2.1,52.3,7495.0,60.0,77.4,2.1,3.5,30.9,1.1,2,1,1
24,53.7,1.0,1.2,46.6,51.3,55.1,7.8,39.2,0.8,4,1,63.4,4.9,8.7,4.2,53.7,7707.0,56.1,73.2,2.9,-0.3,37.1,1.2,1,4,0
25,70.7,7.1,7.6,49.8,54.9,59.0,8.6,36.6,1.4,3,4,70.7,5.3,7.6,6.2,55.4,7528.0,56.8,74.2,2.7,-5.0,24.7,0.8,2,1,1
26,69.5,4.3,4.3,50.7,51.7,64.1,10.4,41.8,1.3,4,1,74.4,5.2,9.0,7.6,55.2,7951.0,74.2,72.1,2.7,14.7,28.2,1.1,1,4,0
27,59.8,2.2,2.2,47.6,50.0,58.8,9.7,34.5,1.2,3,2,63.4,4.9,8.7,4.2,53.7,7707.0,56.1,73.2,2.9,-0.3,37.1,1.2,1,4,0
28,70.7,7.1,7.6,49.8,54.9,59.0,8.6,36.6,1.4,3,4,74.4,5.2,9.0,7.6,55.2,7951.0,74.2,72.1,2.7,14.7,28.2,1.1,1,3,1
29,70.7,7.1,7.6,49.8,54.9,59.0,8.6,36.6,1.4,3,4,63.4,4.9,8.7,4.2,53.7,7707.0,56.1,73.2,2.9,-0.3,37.1,1.2,1,0,1
30,53.7,-0.4,-0.6,47.0,48.0,55.1,7.3,35.9,1.1,6,4,58.5,4.6,8.5,3.5,53.8,7696.0,47.6,78.6,3.1,-7.8,29.2,1.2,3,2,1
31,61.0,3.7,4.2,47.3,52.5,56.5,8.7,39.7,1.2,1,4,51.2,6.9,8.5,0.1,48.2,7788.0,46.7,71.2,2.8,-0.8,30.5,0.8,8,3,1
32,51.2,0.2,0.3,50.0,49.5,50.0,9.5,40.1,1.4,7,2,59.8,4.2,8.7,5.2,54.4,7661.0,43.2,73.6,2.5,-16.3,33.1,1.2,2,4,0
33,57.3,2.1,2.4,46.5,51.7,54.3,9.0,36.4,1.2,5,2,58.5,3.0,10.3,2.3,51.6,7694.0,57.1,75.0,2.4,0.9,34.3,1.3,4,4,0
34,73.2,7.8,8.3,49.8,54.6,60.5,9.7,41.8,1.1,3,4,61.0,4.6,8.8,2.6,51.5,7486.0,57.5,74.1,2.7,2.4,35.0,1.2,6,3,1
35,61.0,2.3,2.2,48.6,52.0,57.8,9.0,41.4,0.8,5,4,62.2,3.6,6.7,2.1,52.9,7681.0,65.9,73.2,2.2,12.3,29.8,0.8,4,2,1
36,72.0,6.5,6.6,49.9,55.1,65.0,9.2,39.2,1.4,2,4,57.3,2.7,8.6,2.4,55.1,7483.0,54.1,72.2,2.5,4.6,36.5,1.3,7,1,1
37,53.7,1.1,1.3,47.3,49.8,57.7,8.0,35.3,0.9,8,2,73.2,5.5,7.7,5.4,54.9,7558.0,64.4,70.1,2.4,2.5,31.9,0.7,1,4,0
38,61.0,3.7,4.2,47.3,52.5,56.5,8.7,39.7,1.2,1,4,58.5,3.0,10.3,2.3,51.6,7694.0,57.1,75.0,2.4,0.9,34.3,1.3,4,2,1
39,53.7,-0.4,-0.6,47.0,48.0,55.1,7.3,35.9,1.1,6,0,59.8,4.2,8.7,5.2,54.4,7661.0,43.2,73.6,2.5,-16.3,33.1,1.2,2,4,0
40,73.2,7.8,8.3,49.8,54.6,60.5,9.7,41.8,1.1,3,4,72.0,6.0,9.0,6.5,55.1,7987.0,65.0,73.5,2.5,3.4,34.1,1.2,2,3,1
41,61.0,2.3,2.2,48.6,52.0,57.8,9.0,41.4,0.8,5,2,73.2,5.5,7.7,5.4,54.9,7558.0,64.4,70.1,2.4,2.5,31.9,0.7,1,4,0
42,61.0,3.7,4.2,47.3,52.5,56.5,8.7,39.7,1.2,1,0,59.8,4.2,8.7,5.2,54.4,7661.0,43.2,73.6,2.5,-16.3,33.1,1.2,2,4,0
43,73.2,7.8,8.3,49.8,54.6,60.5,9.7,41.8,1.1,3,2,73.2,5.5,7.7,5.4,54.9,7558.0,64.4,70.1,2.4,2.5,31.9,0.7,1,4,0
44,59.8,5.2,5.4,46.8,54.4,43.2,6.8,40.4,1.3,2,2,73.2,5.5,7.7,5.4,54.9,7558.0,64.4,70.1,2.4,2.5,31.9,0.7,1,4,0
45,65.9,5.8,6.5,46.1,55.8,55.6,8.8,39.6,1.0,3,4,50.0,4.9,6.8,1.1,51.0,7682.0,45.3,81.0,2.7,-3.5,28.8,0.9,6,1,1
46,43.9,-1.5,-1.5,48.6,49.0,47.9,7.6,40.1,1.0,8,0,74.4,5.5,8.9,5.8,53.9,7311.0,70.5,76.1,2.6,17.8,26.7,1.5,1,4,0
47,51.2,0.5,0.3,46.3,49.6,54.8,7.8,37.5,1.0,4,4,50.0,6.5,8.6,-0.1,49.1,7476.0,52.1,72.2,2.6,0.8,34.6,1.3,5,3,1
48,57.3,2.5,2.6,47.1,53.3,45.5,8.1,38.7,1.2,2,4,47.6,5.0,7.4,-1.5,48.8,7563.0,58.5,85.4,3.4,9.1,31.4,1.3,7,0,1
49,54.900000000000006,1.7,1.9,48.4,51.3,45.5,10.2,39.7,1.5,7,1,68.30000000000001,4.5,8.3,3.9,53.8,7729.0,75.6,70.0,3.0,22.0,31.4,1.4,2,4,0
50,52.400000000000006,1.1,1.0,46.7,50.5,47.5,8.0,37.9,1.0,8,1,70.7,4.0,6.8,5.5,55.4,7441.0,64.3,78.0,2.7,10.2,35.1,0.9,1,4,0
51,63.4,4.4,4.5,49.5,52.7,55.0,7.7,44.4,1.0,5,1,67.10000000000001,7.3,8.7,5.0,54.4,7765.0,60.5,81.4,2.8,7.1,25.3,1.1,4,4,0
52,61.0,2.4,2.6,47.9,52.2,56.3,8.7,38.6,1.1,6,0,69.5,5.0,8.1,7.2,56.6,7428.0,53.8,68.4,2.5,-1.4,27.6,0.8,3,4,0
53,65.9,5.8,6.5,46.1,55.8,55.6,8.8,39.6,1.0,3,4,57.3,4.6,8.6,2.5,53.3,7475.0,45.5,79.3,2.7,2.1,29.1,1.4,2,3,1
54,74.4,5.8,6.3,47.1,53.9,70.5,9.1,36.5,1.0,1,4,51.2,5.9,7.2,0.5,49.6,7361.0,54.8,77.5,2.6,9.4,31.8,1.3,4,2,1
55,68.30000000000001,3.9,4.1,48.1,53.8,75.6,10.2,33.9,1.1,2,4,69.5,5.0,8.1,7.2,56.6,7428.0,53.8,68.4,2.5,-1.4,27.6,0.8,3,2,1
56,70.7,5.5,5.7,48.6,55.4,64.3,9.5,38.0,1.0,1,4,67.10000000000001,7.3,8.7,5.0,54.4,7765.0,60.5,81.4,2.8,7.1,25.3,1.1,4,3,1
57,65.9,5.8,6.5,46.1,55.8,55.6,8.8,39.6,1.0,3,4,74.4,5.5,8.9,5.8,53.9,7311.0,70.5,76.1,2.6,17.8,26.7,1.5,1,2,1
58,68.30000000000001,3.9,4.1,48.1,53.8,75.6,10.2,33.9,1.1,2,4,70.7,4.0,6.8,5.5,55.4,7441.0,64.3,78.0,2.7,10.2,35.1,0.9,1,2,1
59,65.9,5.8,6.5,46.1,55.8,55.6,8.8,39.6,1.0,3,4,68.30000000000001,4.5,8.3,3.9,53.8,7729.0,75.6,70.0,3.0,22.0,31.4,1.4,2,1,1
60,65.9,3.9,4.3,47.2,54.2,62.5,9.4,36.7,0.9,2,4,52.400000000000006,6.2,9.2,-0.7,49.3,7985.0,59.2,83.9,2.8,-1.1,32.8,1.1,7,1,1
61,54.900000000000006,0.9,0.8,50.1,50.5,58.8,9.5,39.3,1.2,3,3,53.7,6.6,7.5,0.8,50.4,7351.0,50.0,83.2,2.8,10.7,34.4,1.2,6,4,0
62,72.0,6.5,6.7,52.4,55.6,59.5,11.1,37.5,1.0,1,4,51.2,5.3,7.9,-1.5,49.0,7501.0,59.0,72.2,2.6,4.5,33.0,1.1,8,0,1
63,57.3,1.1,1.4,47.1,49.8,61.7,8.8,36.5,1.0,4,2,54.900000000000006,6.3,8.7,-0.3,48.5,7816.0,56.9,76.8,2.2,1.2,32.1,1.2,5,4,0
64,70.7,5.7,5.9,49.2,53.7,69.8,7.8,37.0,0.9,4,4,62.2,6.7,6.9,4.0,52.7,7467.0,55.8,70.5,2.5,-7.2,28.6,0.8,5,3,1
65,54.900000000000006,2.3,2.7,48.9,51.5,54.2,6.9,37.4,0.9,8,0,75.6,9.7,7.0,7.1,54.6,8034.0,69.2,75.4,2.4,9.3,28.7,0.6,1,4,0
66,59.8,2.0,2.2,48.3,53.1,56.4,8.6,37.2,1.1,7,1,72.0,6.2,7.5,7.8,56.5,7435.0,50.0,77.2,2.7,-4.2,38.9,1.3,2,4,0
67,61.0,2.2,2.3,49.6,52.2,60.0,9.3,41.7,1.2,6,1,63.4,8.1,6.7,2.3,50.4,7353.0,65.1,80.6,2.2,15.6,37.2,0.7,3,4,0
68,65.9,3.9,4.3,47.2,54.2,62.5,9.4,36.7,0.9,2,4,53.7,6.6,7.5,0.8,50.4,7351.0,50.0,83.2,2.8,10.7,34.4,1.2,6,2,1
69,72.0,6.5,6.7,52.4,55.6,59.5,11.1,37.5,1.0,1,4,54.900000000000006,6.3,8.7,-0.3,48.5,7816.0,56.9,76.8,2.2,1.2,32.1,1.2,5,0,1
70,70.7,5.7,5.9,49.2,53.7,69.8,7.8,37.0,0.9,4,2,75.6,9.7,7.0,7.1,54.6,8034.0,69.2,75.4,2.4,9.3,28.7,0.6,1,4,0
71,72.0,7.8,8.3,49.2,56.5,50.0,10.3,44.8,1.1,2,4,63.4,8.1,6.7,2.3,50.4,7353.0,65.1,80.6,2.2,15.6,37.2,0.7,3,2,1
72,65.9,3.9,4.3,47.2,54.2,62.5,9.4,36.7,0.9,2,4,72.0,5.8,6.4,6.5,55.6,7647.0,59.5,65.8,3.3,12.5,34.9,1.2,1,3,1
73,75.6,7.1,7.0,53.4,54.6,69.2,8.0,40.2,0.8,1,1,72.0,6.2,7.5,7.8,56.5,7435.0,50.0,77.2,2.7,-4.2,38.9,1.3,2,4,0
74,65.9,3.9,4.3,47.2,54.2,62.5,9.4,36.7,0.9,2,3,72.0,6.2,7.5,7.8,56.5,7435.0,50.0,77.2,2.7,-4.2,38.9,1.3,2,4,0
75,61.0,2.2,2.1,49.2,51.0,57.7,8.9,41.2,0.9,4,4,51.2,6.1,8.0,1.9,50.3,7742.0,45.8,77.5,2.3,-6.0,30.6,1.2,5,2,1
76,78.0,6.7,7.6,49.7,55.7,71.8,9.4,42.8,1.0,1,4,48.8,6.2,7.3,-1.0,48.6,7646.0,51.9,72.9,2.7,8.4,30.6,0.8,8,1,1
77,50.0,0.6,0.7,48.7,50.1,54.7,9.8,38.1,1.0,7,2,63.4,6.1,6.4,3.9,53.8,7622.0,52.4,73.0,2.1,7.2,37.4,0.9,2,4,0
78,50.0,1.9,2.0,48.7,51.4,40.4,6.5,42.7,0.8,6,2,59.8,5.8,6.8,1.4,51.3,7513.0,62.2,80.3,2.0,9.2,40.4,1.0,3,4,0
79,73.2,6.1,6.7,49.5,55.1,72.7,9.3,38.5,1.2,4,4,59.8,7.2,7.3,3.7,51.6,7232.0,54.5,79.4,2.7,10.4,32.1,1.0,5,0,1
80,53.7,0.2,0.3,48.8,51.2,53.7,9.7,41.5,1.5,3,1,57.3,3.5,6.5,1.6,52.3,7675.0,57.5,82.2,2.8,21.3,26.4,0.8,6,4,0
81,54.900000000000006,2.5,2.6,49.5,51.8,43.9,9.3,45.2,1.4,7,3,65.9,10.2,6.7,5.5,54.7,8067.0,51.2,82.1,2.6,2.5,31.8,1.0,2,4,0
82,53.7,1.5,1.8,49.2,51.5,52.5,8.1,38.2,1.0,8,2,76.8,6.4,6.6,6.8,55.4,7382.0,74.4,72.4,3.1,11.3,30.3,0.9,1,4,0
83,61.0,2.2,2.1,49.2,51.0,57.7,8.9,41.2,0.9,4,3,78.0,6.8,7.1,6.7,55.7,7268.0,71.8,70.7,2.3,11.4,40.3,1.1,1,4,0
84,63.4,3.9,4.1,51.7,53.8,52.4,8.0,45.4,0.7,2,4,59.8,5.8,6.8,1.4,51.3,7513.0,62.2,80.3,2.0,9.2,40.4,1.0,3,1,1
85,73.2,6.1,6.7,49.5,55.1,72.7,9.3,38.5,1.2,4,4,76.8,6.4,6.6,6.8,55.4,7382.0,74.4,72.4,3.1,11.3,30.3,0.9,1,3,1
86,57.3,1.6,1.6,48.7,52.3,57.5,8.5,35.2,1.0,6,3,65.9,10.2,6.7,5.5,54.7,8067.0,51.2,82.1,2.6,2.5,31.8,1.0,2,4,0
87,78.0,6.7,7.6,49.7,55.7,71.8,9.4,42.8,1.0,1,2,63.4,6.1,6.4,3.9,53.8,7622.0,52.4,73.0,2.1,7.2,37.4,0.9,2,4,0
88,73.2,6.1,6.7,49.5,55.1,72.7,9.3,38.5,1.2,4,4,65.9,10.2,6.7,5.5,54.7,8067.0,51.2,82.1,2.6,2.5,31.8,1.0,2,2,1
89,73.2,6.1,6.7,49.5,55.1,72.7,9.3,38.5,1.2,4,2,63.4,6.1,6.4,3.9,53.8,7622.0,52.4,73.0,2.1,7.2,37.4,0.9,2,4,0
90,59.8,5.0,5.2,49.3,53.9,53.5,7.9,36.6,1.2,5,4,53.7,6.4,6.9,-0.9,50.8,7503.0,60.5,71.0,3.0,10.8,33.9,1.6,4,0,1
91,61.0,3.8,3.8,48.4,52.0,56.3,9.7,38.8,0.9,2,4,50.0,6.8,7.7,-0.5,48.5,7870.0,42.6,78.8,2.6,-11.0,29.2,1.4,7,0,1
92,64.60000000000001,4.2,4.8,48.8,53.3,57.7,9.7,40.7,1.0,1,4,48.8,4.2,6.9,0.8,50.2,7465.0,42.9,69.1,2.4,-12.6,35.1,1.0,8,0,1
93,50.0,-0.8,-0.9,50.4,49.9,45.8,9.2,47.2,0.8,6,4,57.3,6.5,7.1,1.0,51.4,7719.0,59.0,76.8,2.1,5.7,28.0,1.2,3,2,1
94,81.69999999999999,7.2,7.6,50.9,55.2,84.2,9.7,32.3,0.9,1,2,51.2,8.5,9.1,-0.3,48.9,8228.0,51.3,73.6,2.2,-5.5,40.6,1.0,8,4,0
95,51.2,-0.1,-0.2,51.1,49.9,50.0,10.4,42.4,1.5,7,1,74.4,9.6,6.7,7.3,56.1,8002.0,62.2,78.8,2.2,4.0,31.3,1.2,2,4,0
96,54.900000000000006,1.6,1.7,50.1,51.4,52.2,7.3,39.4,1.1,6,1,70.7,7.3,7.2,8.4,56.9,7440.0,50.0,66.2,2.1,0.5,36.8,0.9,3,4,0
97,63.4,4.9,4.9,49.9,52.9,54.2,7.8,44.3,0.7,5,3,62.2,4.3,7.0,2.9,53.1,7661.0,56.5,81.4,2.6,8.8,37.0,0.9,4,4,0
98,61.0,3.8,3.8,48.4,52.0,56.3,9.7,38.8,0.9,2,4,50.0,7.4,6.1,-0.8,49.9,7682.0,45.8,73.3,2.6,-9.8,29.2,1.1,6,2,1
99,59.8,5.0,5.2,49.3,53.9,53.5,7.9,36.6,1.2,5,2,64.60000000000001,5.5,7.1,4.2,53.3,7332.0,57.7,76.9,2.4,13.4,39.3,1.1,1,4,0
100,74.4,7.3,7.4,55.1,56.1,62.2,9.4,43.5,1.2,2,2,70.7,7.3,7.2,8.4,56.9,7440.0,50.0,66.2,2.1,0.5,36.8,0.9,3,4,0
101,51.2,-0.3,-0.3,51.2,48.9,51.3,7.3,42.7,0.9,8,1,62.2,4.3,7.0,2.9,53.1,7661.0,56.5,81.4,2.6,8.8,37.0,0.9,4,4,0
102,61.0,3.8,3.8,48.4,52.0,56.3,9.7,38.8,0.9,2,4,64.60000000000001,5.5,7.1,4.2,53.3,7332.0,57.7,76.9,2.4,13.4,39.3,1.1,1,2,1
103,70.7,8.4,9.2,52.1,56.9,50.0,7.2,48.9,0.6,3,4,62.2,4.3,7.0,2.9,53.1,7661.0,56.5,81.4,2.6,8.8,37.0,0.9,4,1,1
104,61.0,3.8,3.8,48.4,52.0,56.3,9.7,38.8,0.9,2,0,70.7,7.3,7.2,8.4,56.9,7440.0,50.0,66.2,2.1,0.5,36.8,0.9,3,4,0
105,45.1,-1.8,-1.8,48.3,49.8,46.7,7.7,43.5,1.1,8,3,80.5,7.3,8.5,10.3,58.1,7575.0,64.9,76.5,2.6,1.4,32.5,1.3,1,4,0
106,72.0,7.4,8.3,49.5,55.2,55.3,7.7,40.1,0.8,2,4,48.8,3.7,8.7,0.4,50.0,7536.0,54.8,75.3,2.3,11.2,34.1,1.2,7,2,1
107,63.4,5.5,5.6,53.7,52.9,55.6,9.2,39.7,0.9,3,4,50.0,7.0,7.0,2.9,51.9,7543.0,38.9,84.4,2.2,-6.1,25.4,1.0,6,1,1
108,54.900000000000006,-0.4,-0.6,48.0,49.0,63.6,10.2,36.3,1.1,4,4,52.400000000000006,7.0,7.7,-0.3,48.8,7533.0,47.5,83.0,2.6,1.4,39.1,1.1,5,2,1
109,61.0,3.7,3.4,51.0,52.9,56.8,10.0,39.4,1.1,8,0,69.5,8.1,8.0,7.3,55.1,7974.0,60.0,75.5,2.2,0.8,40.0,0.9,1,4,0
110,62.2,4.5,4.8,50.2,53.6,53.5,7.9,40.3,0.9,7,1,68.30000000000001,7.7,7.8,5.3,52.6,7517.0,67.7,77.8,2.9,10.1,33.1,1.4,2,4,0
111,67.10000000000001,5.0,5.0,55.1,55.6,58.1,8.6,38.7,0.9,6,1,68.30000000000001,7.2,6.4,4.8,53.3,7377.0,64.1,73.4,2.5,12.2,22.8,0.9,3,4,0
112,67.10000000000001,4.7,4.8,49.2,53.5,57.1,7.2,43.2,0.8,5,2,65.9,5.0,8.7,6.9,55.6,7773.0,52.9,83.2,2.2,-1.8,32.7,0.6,4,4,0
113,80.5,10.3,10.8,52.2,58.1,64.9,8.0,43.1,0.6,1,4,54.900000000000006,6.7,7.1,-0.4,49.0,7540.0,63.6,76.6,2.8,22.6,38.0,1.2,4,3,1
114,72.0,7.4,8.3,49.5,55.2,55.3,7.7,40.1,0.8,2,4,63.4,9.8,6.3,5.5,52.9,7757.0,55.6,76.4,2.8,6.7,30.9,0.9,3,1,1
115,69.5,7.3,7.3,52.5,55.1,60.0,8.2,41.6,1.0,1,4,65.9,5.0,8.7,6.9,55.6,7773.0,52.9,83.2,2.2,-1.8,32.7,0.6,4,2,1
116,68.30000000000001,5.3,5.6,51.2,52.6,67.7,9.6,42.4,0.8,2,3,68.30000000000001,7.2,6.4,4.8,53.3,7377.0,64.1,73.4,2.5,12.2,22.8,0.9,3,4,0
117,80.5,10.3,10.8,52.2,58.1,64.9,8.0,43.1,0.6,1,4,72.0,5.9,7.1,7.4,55.2,7279.0,55.3,83.1,1.9,8.8,37.7,0.8,2,2,1
118,69.5,7.3,7.3,52.5,55.1,60.0,8.2,41.6,1.0,1,4,68.30000000000001,7.2,6.4,4.8,53.3,7377.0,64.1,73.4,2.5,12.2,22.8,0.9,3,1,1
119,80.5,10.3,10.8,52.2,58.1,64.9,8.0,43.1,0.6,1,4,69.5,8.1,8.0,7.3,55.1,7974.0,60.0,75.5,2.2,0.8,40.0,0.9,1,2,1
120,80.5,8.9,9.6,51.9,55.9,71.9,10.0,38.0,0.8,1,4,47.6,4.6,6.0,-0.5,49.6,7302.0,48.2,80.0,2.6,-2.4,39.0,0.7,8,0,1
121,75.6,7.5,7.9,52.8,56.2,62.2,9.5,40.3,0.9,2,4,50.0,6.0,7.5,-0.3,49.9,7816.0,47.8,78.1,2.9,3.0,36.7,1.1,7,3,1
122,72.0,6.7,7.1,52.0,54.5,68.3,8.5,33.0,1.3,3,4,50.0,4.2,8.0,0.1,50.3,7512.0,55.3,80.1,2.6,8.4,32.3,1.0,6,2,1
123,57.3,1.6,1.7,50.4,50.7,61.5,7.1,40.3,0.7,4,4,52.400000000000006,7.1,7.9,0.3,50.5,7547.0,53.1,77.1,2.7,2.3,32.9,1.3,5,3,1
124,79.3,7.7,7.9,51.3,54.7,73.2,9.5,45.9,0.3,1,4,58.5,4.8,8.8,2.6,53.5,7827.0,50.0,81.1,2.6,4.7,30.2,0.9,8,1,1
125,65.9,3.4,3.4,51.2,52.9,61.8,9.1,41.8,0.9,2,4,59.8,6.8,7.2,1.5,51.5,7303.0,64.6,84.5,1.9,9.9,31.0,0.8,7,1,1
126,61.0,2.0,2.0,50.4,52.2,62.8,8.6,40.5,0.9,6,4,65.9,7.6,5.8,3.8,52.3,7395.0,63.8,74.5,3.4,9.6,27.7,0.9,3,1,1
127,64.60000000000001,4.0,4.2,50.1,53.0,51.1,6.9,41.3,1.0,5,4,65.9,7.3,6.7,5.3,53.1,7273.0,61.9,78.5,2.8,4.5,36.2,0.9,4,2,1
128,64.60000000000001,4.0,4.2,50.1,53.0,51.1,6.9,41.3,1.0,5,3,79.3,6.7,8.8,7.7,54.7,7874.0,73.2,86.9,2.1,16.2,33.6,0.9,1,4,0
129,61.0,2.0,2.0,50.4,52.2,62.8,8.6,40.5,0.9,6,1,65.9,6.7,8.7,3.4,52.9,7848.0,61.8,74.6,2.2,4.9,28.0,1.2,2,4,0
130,57.3,1.6,1.7,50.4,50.7,61.5,7.1,40.3,0.7,4,0,80.5,8.0,7.2,8.9,55.9,7395.0,71.9,81.9,2.5,34.2,30.5,1.3,1,4,0
131,75.6,7.5,7.9,52.8,56.2,62.2,9.5,40.3,0.9,2,3,72.0,10.0,7.0,6.7,54.5,7649.0,68.3,73.9,2.9,17.5,25.0,0.8,3,4,0
132,80.5,8.9,9.6,51.9,55.9,71.9,10.0,38.0,0.8,1,2,72.0,10.0,7.0,6.7,54.5,7649.0,68.3,73.9,2.9,17.5,25.0,0.8,3,4,0
133,65.9,3.4,3.4,51.2,52.9,61.8,9.1,41.8,0.9,2,2,79.3,6.7,8.8,7.7,54.7,7874.0,73.2,86.9,2.1,16.2,33.6,0.9,1,4,0
134,79.3,7.7,7.9,51.3,54.7,73.2,9.5,45.9,0.3,1,4,72.0,10.0,7.0,6.7,54.5,7649.0,68.3,73.9,2.9,17.5,25.0,0.8,3,1,1
135,50.0,-1.6,-1.6,47.7,50.0,53.5,8.7,40.5,0.9,8,1,74.4,7.3,6.9,6.5,55.2,7573.0,69.4,72.0,2.4,24.6,34.1,0.9,1,4,0
136,53.7,1.5,1.9,49.0,51.8,50.0,8.5,41.0,1.0,7,0,72.0,10.3,6.2,7.5,55.1,7614.0,52.9,72.0,2.4,9.7,33.1,0.7,2,4,0
137,64.60000000000001,4.7,4.9,50.6,52.3,57.9,9.1,41.6,1.1,3,4,56.10000000000001,7.9,7.1,1.7,49.5,7698.0,53.3,74.5,3.5,5.6,30.2,1.3,6,3,1
138,61.0,3.7,3.7,52.2,54.0,62.5,7.4,40.7,0.9,4,4,57.3,6.0,7.4,2.3,52.2,7485.0,50.0,77.0,3.2,-0.7,38.5,1.3,5,1,1
139,69.5,4.7,4.9,49.6,52.9,66.7,9.5,42.1,1.0,1,4,61.0,5.1,8.0,3.5,53.2,7774.0,46.7,81.5,2.7,-8.5,35.8,1.1,8,2,1
140,67.10000000000001,2.7,2.8,50.6,53.4,71.7,9.5,37.5,1.0,2,2,61.0,6.8,6.3,5.1,53.2,7605.0,46.3,83.1,2.2,-13.3,36.8,0.6,7,4,0
141,65.9,4.9,4.8,54.6,53.6,56.1,9.1,41.6,1.1,3,4,61.0,6.0,6.4,3.3,52.5,7339.0,60.0,76.7,2.6,2.4,32.6,0.9,6,2,1
142,64.60000000000001,4.1,4.4,50.9,52.4,54.1,9.7,42.5,1.0,4,2,64.60000000000001,5.4,8.2,5.3,55.0,7791.0,56.3,75.0,2.1,-5.8,33.9,0.9,5,4,0
143,61.0,3.7,3.7,52.2,54.0,62.5,7.4,40.7,0.9,4,4,74.4,7.3,6.9,6.5,55.2,7573.0,69.4,72.0,2.4,24.6,34.1,0.9,1,2,1
144,64.60000000000001,4.7,4.9,50.6,52.3,57.9,9.1,41.6,1.1,3,0,72.0,10.3,6.2,7.5,55.1,7614.0,52.9,72.0,2.4,9.7,33.1,0.7,2,4,0
145,69.5,4.7,4.9,49.6,52.9,66.7,9.5,42.1,1.0,1,4,64.60000000000001,5.4,8.2,5.3,55.0,7791.0,56.3,75.0,2.1,-5.8,33.9,0.9,5,0,1
146,65.9,4.9,4.8,54.6,53.6,56.1,9.1,41.6,1.1,3,4,61.0,6.8,6.3,5.1,53.2,7605.0,46.3,83.1,2.2,-13.3,36.8,0.6,7,0,1
147,69.5,4.7,4.9,49.6,52.9,66.7,9.5,42.1,1.0,1,4,65.9,8.9,5.8,4.9,53.6,7937.0,56.1,82.1,2.0,8.5,32.6,0.9,3,2,1
148,61.0,3.7,3.7,52.2,54.0,62.5,7.4,40.7,0.9,4,4,72.0,10.3,6.2,7.5,55.1,7614.0,52.9,72.0,2.4,9.7,33.1,0.7,2,2,1
149,61.0,3.7,3.7,52.2,54.0,62.5,7.4,40.7,0.9,4,3,69.5,6.5,7.5,4.7,52.9,7749.0,66.7,75.0,2.4,5.4,35.5,1.4,1,4,0
150,75.6,7.3,7.8,50.1,55.5,70.5,9.5,38.9,0.9,1,4,45.1,7.1,7.1,-1.1,49.2,7864.0,45.5,83.9,2.6,-9.7,29.1,1.2,8,1,1
151,70.7,7.5,7.8,52.4,55.6,52.4,8.4,40.4,0.9,2,4,50.0,5.4,7.6,1.5,51.0,7709.0,41.9,78.8,2.5,-10.8,28.1,1.3,7,1,1
152,68.30000000000001,5.4,5.7,51.9,55.8,58.3,8.1,39.5,1.1,3,4,51.2,9.3,7.6,0.8,50.4,7945.0,44.4,84.9,2.4,-6.0,29.2,0.7,6,0,1
153,53.7,-0.8,-0.7,50.1,49.3,53.7,7.0,40.2,0.7,5,4,63.4,9.4,6.7,5.5,53.4,7575.0,51.2,67.4,2.5,3.4,39.2,1.1,4,2,1
154,56.10000000000001,2.3,2.5,49.3,51.8,47.7,9.8,43.6,1.5,8,4,74.4,8.4,7.3,5.7,53.8,7691.0,68.4,82.6,2.9,6.5,25.7,0.9,1,2,1
155,69.5,6.1,6.3,50.2,54.1,60.5,9.3,41.8,1.1,2,4,56.10000000000001,5.4,7.6,0.9,50.7,7387.0,61.7,76.7,3.0,10.1,33.8,1.4,7,2,1
156,69.5,4.2,4.4,52.5,53.8,68.0,7.9,35.6,0.8,3,4,58.5,6.3,8.0,1.5,51.6,7359.0,59.6,78.4,2.4,12.7,37.8,1.4,6,2,1
157,61.0,4.8,4.9,52.6,52.4,53.2,6.7,40.1,0.6,5,1,67.10000000000001,5.9,8.0,3.8,52.9,7824.0,66.7,80.3,3.7,12.2,32.3,1.1,4,4,0
158,53.7,-0.8,-0.7,50.1,49.3,53.7,7.0,40.2,0.7,5,2,75.6,6.2,7.2,7.3,55.5,7542.0,70.5,77.5,3.0,16.9,37.4,1.1,1,4,0
159,68.30000000000001,5.4,5.7,51.9,55.8,58.3,8.1,39.5,1.1,3,1,70.7,6.7,6.6,7.5,55.6,7564.0,52.4,82.6,2.0,6.9,26.7,1.0,2,4,0
160,69.5,4.2,4.4,52.5,53.8,68.0,7.9,35.6,0.8,3,4,69.5,6.4,7.3,6.1,54.1,7594.0,60.5,77.2,2.4,8.3,41.7,1.1,2,0,1
161,56.10000000000001,2.3,2.5,49.3,51.8,47.7,9.8,43.6,1.5,8,3,67.10000000000001,5.9,8.0,3.8,52.9,7824.0,66.7,80.3,3.7,12.2,32.3,1.1,4,4,0
162,75.6,7.3,7.8,50.1,55.5,70.5,9.5,38.9,0.9,1,1,70.7,6.7,6.6,7.5,55.6,7564.0,52.4,82.6,2.0,6.9,26.7,1.0,2,4,0
163,69.5,4.2,4.4,52.5,53.8,68.0,7.9,35.6,0.8,3,4,67.10000000000001,5.9,8.0,3.8,52.9,7824.0,66.7,80.3,3.7,12.2,32.3,1.1,4,1,1
164,69.5,4.2,4.4,52.5,53.8,68.0,7.9,35.6,0.8,3,4,70.7,6.7,6.6,7.5,55.6,7564.0,52.4,82.6,2.0,6.9,26.7,1.0,2,2,1
165,75.8,8.2,8.8,49.0,56.1,73.3,7.5,40.1,0.7,1,2,53.0,5.3,8.0,4.2,53.2,6016.0,25.9,74.0,2.5,-15.8,23.1,0.8,8,4,0
166,69.69999999999999,6.0,6.4,50.5,55.3,62.1,9.4,41.5,1.2,2,4,54.50000000000001,7.8,9.4,3.2,52.0,6242.0,51.6,74.1,2.5,5.3,37.0,0.9,7,1,1
167,63.6,3.3,3.3,47.4,52.1,70.0,10.7,36.2,1.0,3,4,56.10000000000001,10.2,6.8,0.8,49.3,5978.0,51.5,66.9,2.9,11.4,35.2,0.8,6,1,1
168,60.6,3.4,3.8,50.0,52.6,66.7,11.2,38.3,1.0,5,2,59.1,5.5,7.5,2.5,53.5,6055.0,58.1,79.3,2.5,3.3,32.2,0.8,4,4,0
169,75.8,7.2,7.7,52.8,54.6,71.0,9.6,40.6,1.0,1,4,54.50000000000001,4.1,8.3,0.6,50.9,6236.0,58.5,72.9,3.5,-0.5,33.9,1.1,8,0,1
170,54.50000000000001,1.0,1.1,48.9,51.0,46.9,9.6,45.4,0.9,7,0,71.2,7.2,7.5,6.1,54.2,6273.0,56.3,84.0,3.4,3.7,29.2,1.3,2,4,0
171,57.6,2.9,3.2,51.6,52.7,52.9,11.2,42.4,1.2,6,3,62.1,5.5,5.9,1.4,52.4,6145.0,72.1,73.0,3.0,20.5,34.9,0.9,3,4,0
172,60.6,2.6,2.7,50.2,51.7,52.5,9.9,37.9,1.1,5,4,62.1,4.2,9.6,2.0,51.4,6099.0,62.8,75.2,2.2,11.2,34.4,1.3,4,3,1
173,63.6,3.3,3.3,47.4,52.1,70.0,10.7,36.2,1.0,3,2,69.69999999999999,5.6,8.9,6.0,55.3,6154.0,62.1,75.8,3.0,8.8,27.3,1.5,2,4,0
174,59.1,2.5,2.6,49.6,53.5,58.1,8.1,38.0,1.3,4,4,53.0,5.3,8.0,4.2,53.2,6016.0,25.9,74.0,2.5,-15.8,23.1,0.8,8,3,1
175,60.6,2.6,2.7,50.2,51.7,52.5,9.9,37.9,1.1,5,0,75.8,8.4,7.4,7.2,54.6,6220.0,71.0,71.7,3.0,14.2,29.2,1.1,1,4,0
176,62.1,1.4,1.3,49.1,52.4,72.1,10.2,39.0,1.0,3,1,71.2,7.2,7.5,6.1,54.2,6273.0,56.3,84.0,3.4,3.7,29.2,1.3,2,4,0
177,71.2,6.1,6.3,51.6,54.2,56.3,10.7,37.5,1.5,2,4,75.8,8.4,7.4,7.2,54.6,6220.0,71.0,71.7,3.0,14.2,29.2,1.1,1,2,1
178,59.1,2.5,2.6,49.6,53.5,58.1,8.1,38.0,1.3,4,3,69.69999999999999,5.6,8.9,6.0,55.3,6154.0,62.1,75.8,3.0,8.8,27.3,1.5,2,4,0
179,69.69999999999999,6.0,6.4,50.5,55.3,62.1,9.4,41.5,1.2,2,4,71.2,7.2,7.5,6.1,54.2,6273.0,56.3,84.0,3.4,3.7,29.2,1.3,2,1,1
180,80.5,7.9,8.2,55.2,56.4,80.0,10.7,36.8,0.9,1,4,46.3,7.3,8.4,-1.5,48.8,7909.0,56.8,70.6,2.6,-0.1,36.3,1.2,8,0,1
181,50.6,-0.2,-0.5,50.3,50.7,50.0,10.2,40.7,1.5,7,2,65.9,10.9,8.2,4.2,51.2,7462.0,56.4,77.8,2.3,10.4,35.8,1.1,2,4,0
182,53.7,0.4,0.3,51.7,50.9,55.0,8.3,35.7,1.2,6,2,60.5,6.9,7.2,4.0,53.7,7420.0,53.5,73.4,2.9,10.0,40.4,1.0,3,4,0
183,59.8,1.8,2.0,49.8,50.9,65.0,8.6,40.8,1.4,4,3,54.900000000000006,5.4,7.2,0.3,51.4,7460.0,59.2,73.8,2.3,7.8,41.4,1.1,5,4,0
184,54.900000000000006,3.5,3.5,52.5,51.0,52.3,7.4,35.3,1.0,8,2,73.2,7.3,8.3,9.2,57.0,7808.0,56.8,90.5,2.8,9.1,31.0,0.9,1,4,0
185,54.900000000000006,1.2,1.1,51.2,51.3,55.6,7.6,38.2,0.8,7,0,70.7,8.1,8.5,6.4,55.1,7892.0,65.1,75.8,2.9,3.7,27.6,1.1,2,4,0
186,69.5,5.1,5.1,51.5,53.8,61.7,10.5,41.3,1.0,3,2,57.3,8.0,6.9,0.9,50.2,7893.0,60.0,83.4,3.1,7.0,27.4,1.3,6,4,0
187,68.30000000000001,6.5,6.9,52.6,54.8,53.1,9.6,48.5,0.5,4,2,68.30000000000001,4.7,8.6,4.1,53.1,7394.0,60.0,78.1,2.6,7.5,41.5,0.9,5,4,0
188,54.900000000000006,0.3,0.5,47.0,51.4,59.2,8.1,38.4,1.1,5,1,80.5,8.7,8.7,7.9,56.4,7572.0,80.0,75.0,3.2,28.9,37.0,1.4,1,4,0
189,60.5,4.0,4.4,47.9,53.7,53.5,7.8,36.9,1.0,3,4,65.9,10.9,8.2,4.2,51.2,7462.0,56.4,77.8,2.3,10.4,35.8,1.1,2,2,1
190,68.30000000000001,4.1,4.5,47.2,53.1,60.0,7.6,34.4,0.8,5,4,73.2,7.3,8.3,9.2,57.0,7808.0,56.8,90.5,2.8,9.1,31.0,0.9,1,1,1
191,57.3,0.9,0.9,50.6,50.2,60.0,9.0,39.9,1.1,6,2,70.7,8.1,8.5,6.4,55.1,7892.0,65.1,75.8,2.9,3.7,27.6,1.1,2,4,0
192,60.5,4.0,4.4,47.9,53.7,53.5,7.8,36.9,1.0,3,3,80.5,8.7,8.7,7.9,56.4,7572.0,80.0,75.0,3.2,28.9,37.0,1.4,1,4,0
193,68.30000000000001,4.1,4.5,47.2,53.1,60.0,7.6,34.4,0.8,5,0,70.7,8.1,8.5,6.4,55.1,7892.0,65.1,75.8,2.9,3.7,27.6,1.1,2,4,0
194,80.5,7.9,8.2,55.2,56.4,80.0,10.7,36.8,0.9,1,4,70.7,8.1,8.5,6.4,55.1,7892.0,65.1,75.8,2.9,3.7,27.6,1.1,2,3,1
195,46.3,-0.5,-0.7,51.5,50.2,42.9,9.0,41.7,0.9,8,3,68.30000000000001,6.7,6.7,4.4,54.5,7656.0,70.3,79.3,2.5,15.1,36.9,0.9,1,4,0
196,52.400000000000006,-0.2,-0.4,48.1,50.8,54.2,8.6,38.0,0.9,7,0,65.9,8.1,8.9,4.8,53.9,7615.0,55.8,77.2,3.0,7.7,29.8,1.0,2,4,0
197,53.7,-1.0,-1.3,51.4,49.2,52.6,9.6,40.4,1.0,6,4,58.5,8.7,7.0,3.2,51.2,7696.0,51.9,74.5,2.8,6.4,39.3,1.1,3,3,1
198,58.5,1.9,1.9,47.1,52.8,62.2,8.5,35.2,1.1,4,1,53.7,7.9,8.1,1.3,50.4,7872.0,45.7,75.5,3.7,-8.3,26.3,1.6,5,4,0
199,59.8,2.4,2.3,52.6,52.1,54.2,9.2,38.2,1.0,8,3,75.6,8.5,7.4,7.7,55.5,7887.0,73.3,77.6,2.4,14.3,27.4,0.9,1,4,0
200,61.0,1.6,1.7,49.4,51.8,67.3,7.8,35.0,0.7,7,3,72.0,8.1,8.3,6.3,54.3,7954.0,58.1,86.0,2.9,4.3,28.6,1.1,2,4,0
201,62.2,4.8,4.9,51.7,52.8,55.8,9.8,37.1,1.4,6,3,69.5,8.5,8.6,7.0,54.8,7954.0,62.8,76.4,2.6,12.7,32.1,0.9,3,4,0
202,65.9,4.6,4.6,53.1,53.4,57.1,9.4,34.8,1.3,4,2,65.9,9.4,5.5,4.0,52.4,7930.0,63.8,84.3,2.9,11.8,37.3,1.1,5,4,0
203,68.30000000000001,4.4,4.7,49.0,54.5,70.3,9.0,37.3,0.7,1,4,53.7,7.9,8.1,1.3,50.4,7872.0,45.7,75.5,3.7,-8.3,26.3,1.6,5,2,1
204,53.7,-1.0,-1.3,51.4,49.2,52.6,9.6,40.4,1.0,6,1,65.9,8.1,8.9,4.8,53.9,7615.0,55.8,77.2,3.0,7.7,29.8,1.0,2,4,0
205,65.9,4.0,4.2,50.4,52.4,63.8,11.0,42.4,1.3,5,1,75.6,8.5,7.4,7.7,55.5,7887.0,73.3,77.6,2.4,14.3,27.4,0.9,1,4,0
206,69.5,7.0,7.3,52.6,54.8,62.8,8.8,37.8,0.9,3,2,72.0,8.1,8.3,6.3,54.3,7954.0,58.1,86.0,2.9,4.3,28.6,1.1,2,4,0
207,68.30000000000001,4.4,4.7,49.0,54.5,70.3,9.0,37.3,0.7,1,2,65.9,8.1,8.9,4.8,53.9,7615.0,55.8,77.2,3.0,7.7,29.8,1.0,2,4,0
208,72.0,6.3,6.4,52.0,54.3,58.1,8.7,40.0,0.8,2,2,75.6,8.5,7.4,7.7,55.5,7887.0,73.3,77.6,2.4,14.3,27.4,0.9,1,4,0
209,65.9,4.8,5.1,55.4,53.9,55.8,9.1,40.6,0.8,2,1,75.6,8.5,7.4,7.7,55.5,7887.0,73.3,77.6,2.4,14.3,27.4,0.9,1,4,0
210,73.2,5.4,5.9,52.7,54.0,70.7,7.7,36.6,0.8,1,4,46.3,6.6,7.0,-2.9,48.0,7777.0,57.1,78.9,2.8,-8.5,31.4,0.8,8,2,1
211,48.8,0.2,0.3,48.9,49.8,44.4,8.8,43.9,0.9,7,0,64.60000000000001,10.1,7.4,4.5,51.4,7682.0,60.6,81.4,1.8,10.3,41.9,1.1,2,4,0
212,61.0,3.0,3.0,48.9,52.9,66.0,8.5,38.0,1.2,3,4,50.0,6.6,9.6,0.4,51.1,7867.0,46.5,77.1,3.0,-1.1,35.1,1.2,6,2,1
213,59.8,3.1,3.1,50.8,50.6,51.2,9.0,42.4,1.3,4,0,56.10000000000001,6.1,7.3,0.7,52.5,7844.0,50.0,70.6,3.1,-11.5,29.4,1.1,5,4,0
214,81.69999999999999,10.1,9.9,54.0,56.9,74.2,8.3,41.3,0.9,1,4,54.900000000000006,7.1,6.7,0.8,50.8,7608.0,52.3,79.3,2.5,-0.1,35.2,0.8,8,0,1
215,61.0,2.9,3.2,51.5,52.1,65.0,10.2,40.9,1.0,7,1,68.30000000000001,11.4,9.5,3.4,50.9,8037.0,59.5,76.9,2.4,-2.8,25.7,1.0,2,4,0
216,68.30000000000001,6.6,6.9,53.3,54.0,63.2,7.6,34.7,0.9,3,4,67.10000000000001,8.3,8.0,6.2,54.5,7860.0,50.0,68.8,3.1,-2.0,30.6,1.1,6,3,1
217,67.10000000000001,3.2,3.5,48.9,53.0,68.2,10.0,38.9,1.1,5,4,62.2,9.8,6.4,4.2,52.2,7868.0,54.5,82.6,2.7,15.5,35.6,0.9,4,1,1
218,61.0,3.0,3.0,48.9,52.9,66.0,8.5,38.0,1.2,3,2,64.60000000000001,10.1,7.4,4.5,51.4,7682.0,60.6,81.4,1.8,10.3,41.9,1.1,2,4,0
219,73.2,5.4,5.9,52.7,54.0,70.7,7.7,36.6,0.8,1,4,56.10000000000001,6.1,7.3,0.7,52.5,7844.0,50.0,70.6,3.1,-11.5,29.4,1.1,5,2,1
220,68.30000000000001,3.4,3.4,51.2,50.9,59.5,7.8,39.5,1.0,2,4,68.30000000000001,10.1,7.8,6.6,54.0,7844.0,63.2,74.7,2.8,6.8,29.4,0.9,3,3,1
221,81.69999999999999,10.1,9.9,54.0,56.9,74.2,8.3,41.3,0.9,1,4,67.10000000000001,5.2,8.5,3.2,53.0,7696.0,68.2,83.2,3.0,13.9,33.5,1.2,5,2,1
222,73.2,5.4,5.9,52.7,54.0,70.7,7.7,36.6,0.8,1,0,64.60000000000001,10.1,7.4,4.5,51.4,7682.0,60.6,81.4,1.8,10.3,41.9,1.1,2,4,0
223,81.69999999999999,10.1,9.9,54.0,56.9,74.2,8.3,41.3,0.9,1,4,68.30000000000001,11.4,9.5,3.4,50.9,8037.0,59.5,76.9,2.4,-2.8,25.7,1.0,2,1,1
224,64.60000000000001,4.5,4.8,52.0,51.4,60.6,8.6,39.1,1.0,2,2,81.69999999999999,10.8,9.3,10.1,56.9,8170.0,74.2,85.7,2.0,17.2,34.8,1.3,1,4,0
225,69.5,6.0,6.3,52.4,52.8,57.6,9.4,40.3,0.8,1,4,53.7,9.0,7.0,0.6,48.6,7942.0,59.5,67.0,2.8,8.8,33.5,1.1,8,0,1
226,54.900000000000006,1.7,1.6,49.7,51.8,56.6,8.6,43.2,1.0,7,3,68.30000000000001,8.6,7.8,4.5,52.5,7707.0,62.7,79.0,2.3,7.9,33.3,0.8,2,4,0
227,58.5,2.7,2.7,50.2,51.1,52.4,8.7,36.7,1.0,6,3,58.5,6.1,6.7,1.6,52.5,7779.0,58.1,73.5,2.9,13.6,31.7,1.1,3,4,0
228,58.5,3.6,3.9,51.6,52.8,54.5,8.6,39.3,1.0,4,4,58.5,8.7,9.2,3.2,52.0,8191.0,54.3,81.1,2.4,4.1,29.4,0.9,5,2,1
229,89.0,10.8,10.6,56.3,56.7,88.2,10.6,32.3,1.0,1,4,50.0,10.7,10.0,0.2,49.0,8139.0,57.1,72.4,2.9,9.6,28.8,1.1,8,1,1
230,51.2,-2.2,-2.4,47.7,48.3,59.1,8.9,40.2,0.8,7,0,81.69999999999999,7.0,8.3,10.6,57.8,7767.0,70.0,75.6,2.4,14.6,38.4,0.9,2,4,0
231,51.2,-0.3,-0.4,50.2,50.3,51.0,10.4,40.6,1.1,6,1,67.10000000000001,8.3,7.4,7.3,54.6,8061.0,50.0,83.1,2.8,-6.4,36.3,0.8,3,4,0
232,64.60000000000001,4.3,4.5,52.4,53.3,59.5,9.7,39.4,1.3,4,2,53.7,10.5,6.9,0.8,49.3,8012.0,54.8,81.7,2.2,-3.3,31.3,0.9,5,4,0
233,58.5,3.6,3.9,51.6,52.8,54.5,8.6,39.3,1.0,4,0,69.5,10.7,6.7,6.0,52.8,7764.0,57.6,75.9,3.1,5.5,32.3,1.2,1,4,0
234,58.5,1.6,1.7,50.8,52.5,58.1,9.7,40.5,0.8,3,3,68.30000000000001,8.6,7.8,4.5,52.5,7707.0,62.7,79.0,2.3,7.9,33.3,0.8,2,4,0
235,89.0,10.8,10.6,56.3,56.7,88.2,10.6,32.3,1.0,1,4,53.7,10.5,6.9,0.8,49.3,8012.0,54.8,81.7,2.2,-3.3,31.3,0.9,5,1,1
236,67.10000000000001,7.3,7.4,52.4,54.6,50.0,8.9,41.6,1.1,3,4,81.69999999999999,7.0,8.3,10.6,57.8,7767.0,70.0,75.6,2.4,14.6,38.4,0.9,2,2,1
237,69.5,6.0,6.3,52.4,52.8,57.6,9.4,40.3,0.8,1,4,68.30000000000001,8.6,7.8,4.5,52.5,7707.0,62.7,79.0,2.3,7.9,33.3,0.8,2,2,1
238,89.0,10.8,10.6,56.3,56.7,88.2,10.6,32.3,1.0,1,4,67.10000000000001,8.3,7.4,7.3,54.6,8061.0,50.0,83.1,2.8,-6.4,36.3,0.8,3,3,1
239,69.5,6.0,6.3,52.4,52.8,57.6,9.4,40.3,0.8,1,4,89.0,13.1,8.4,10.8,56.7,8303.0,88.2,82.5,3.4,34.1,34.0,1.1,1,3,1
240,64.60000000000001,2.6,2.6,52.5,51.4,65.3,10.2,42.1,1.0,1,4,50.0,7.6,7.8,0.4,50.4,7919.0,54.8,91.7,2.4,7.4,32.6,1.0,8,2,1
241,62.2,3.2,3.1,54.7,51.0,63.9,10.0,43.5,0.7,2,4,51.2,8.6,8.2,-0.2,50.5,7989.0,57.9,77.0,2.7,-2.9,24.8,1.1,7,0,1
242,51.2,-0.2,-0.2,52.7,50.4,53.8,7.1,39.3,1.3,6,2,62.2,8.8,8.3,4.2,51.6,7867.0,51.0,73.8,2.8,12.3,34.2,0.9,3,4,0
243,52.400000000000006,-0.9,-0.7,50.4,50.6,59.1,9.3,39.1,1.0,5,2,59.8,9.2,8.5,1.8,51.1,8109.0,58.2,80.7,2.6,11.5,34.0,1.0,4,4,0
244,81.69999999999999,11.6,11.4,56.3,57.9,64.0,9.3,42.6,0.9,1,4,50.0,10.4,7.0,-0.5,49.3,8088.0,48.9,81.8,3.9,2.4,32.8,1.0,8,0,1
245,52.400000000000006,0.5,0.5,49.1,50.1,52.2,9.0,38.1,0.8,7,2,74.4,9.2,8.0,7.2,55.1,7832.0,67.4,77.7,2.6,21.5,31.8,1.3,2,4,0
246,67.10000000000001,5.8,5.7,54.5,51.6,56.1,7.4,42.7,1.0,3,4,57.3,8.4,7.9,0.8,49.9,8099.0,61.9,74.0,2.9,22.6,37.0,1.2,6,1,1
247,62.2,4.3,4.4,53.7,52.7,58.8,7.8,43.2,0.6,4,3,62.2,9.6,6.7,3.9,53.4,7579.0,60.0,76.5,2.4,11.9,29.6,0.7,5,4,0
248,62.2,3.2,3.1,54.7,51.0,63.9,10.0,43.5,0.7,2,4,62.2,8.8,8.3,4.2,51.6,7867.0,51.0,73.8,2.8,12.3,34.2,0.9,3,0,1
249,64.60000000000001,2.6,2.6,52.5,51.4,65.3,10.2,42.1,1.0,1,4,59.8,9.2,8.5,1.8,51.1,8109.0,58.2,80.7,2.6,11.5,34.0,1.0,4,3,1
250,81.69999999999999,11.6,11.4,56.3,57.9,64.0,9.3,42.6,0.9,1,4,62.2,9.6,6.7,3.9,53.4,7579.0,60.0,76.5,2.4,11.9,29.6,0.7,5,0,1
251,67.10000000000001,5.8,5.7,54.5,51.6,56.1,7.4,42.7,1.0,3,2,74.4,9.2,8.0,7.2,55.1,7832.0,67.4,77.7,2.6,21.5,31.8,1.3,2,4,0
252,81.69999999999999,11.6,11.4,56.3,57.9,64.0,9.3,42.6,0.9,1,4,74.4,9.2,8.0,7.2,55.1,7832.0,67.4,77.7,2.6,21.5,31.8,1.3,2,0,1
253,64.60000000000001,2.6,2.6,52.5,51.4,65.3,10.2,42.1,1.0,1,1,62.2,13.0,6.6,3.2,51.0,8019.0,63.9,75.6,2.6,10.9,30.4,0.8,2,4,0
254,62.2,3.2,3.1,54.7,51.0,63.9,10.0,43.5,0.7,2,1,81.69999999999999,12.0,9.6,11.6,57.9,8279.0,64.0,83.3,2.5,7.4,37.5,1.4,1,4,0
255,72.0,7.8,7.7,53.9,53.8,56.8,8.7,43.5,0.8,1,4,52.400000000000006,9.9,7.9,0.6,50.9,8087.0,46.7,75.0,2.9,-7.4,29.8,1.4,8,2,1
256,67.10000000000001,3.6,3.6,51.8,51.9,63.0,9.2,41.8,1.0,2,4,53.7,8.8,8.8,-0.3,50.2,8013.0,55.3,81.6,2.8,2.3,25.3,1.2,7,3,1
257,53.7,0.5,0.4,52.0,50.5,54.7,9.6,39.8,1.3,6,1,63.4,11.0,8.3,4.5,54.2,8299.0,57.8,71.4,2.7,13.9,30.6,0.9,3,4,0
258,61.0,0.9,1.0,54.7,50.2,66.7,8.8,41.1,0.6,4,4,58.5,9.0,8.8,1.4,50.9,7977.0,59.1,81.1,2.4,16.5,39.1,1.2,5,3,1
259,79.3,8.5,8.4,55.1,53.1,71.4,8.2,45.7,0.6,1,4,57.3,8.0,8.4,2.2,51.8,7985.0,52.4,77.4,2.5,-8.2,36.5,0.8,8,1,1
260,70.7,6.0,5.9,56.9,55.4,65.5,9.5,37.6,1.0,2,4,57.3,8.5,7.7,2.9,52.5,7867.0,54.1,79.5,2.4,0.8,29.7,1.0,7,1,1
261,58.5,1.3,1.1,54.1,52.5,60.0,10.4,39.2,1.1,6,4,59.8,10.3,7.0,2.6,51.0,7992.0,55.6,74.1,2.8,2.4,26.7,1.1,3,0,1
262,58.5,3.4,3.7,51.4,50.8,52.2,9.0,46.1,0.8,4,2,58.5,10.8,8.6,4.3,53.2,7951.0,55.2,81.5,2.6,8.2,28.2,1.1,5,4,0
263,70.7,6.0,5.9,56.9,55.4,65.5,9.5,37.6,1.0,2,4,58.5,10.2,8.0,1.3,52.5,8443.0,60.0,73.6,3.2,8.4,26.9,1.3,6,1,1
264,79.3,8.5,8.4,55.1,53.1,71.4,8.2,45.7,0.6,1,4,58.5,10.8,8.6,4.3,53.2,7951.0,55.2,81.5,2.6,8.2,28.2,1.1,5,1,1
265,67.10000000000001,3.6,3.6,51.8,51.9,63.0,9.2,41.8,1.0,2,4,63.4,11.0,8.3,4.5,54.2,8299.0,57.8,71.4,2.7,13.9,30.6,0.9,3,1,1
266,61.0,0.9,1.0,54.7,50.2,66.7,8.8,41.1,0.6,4,4,72.0,11.8,7.6,7.8,53.8,8104.0,56.8,78.2,2.5,-0.2,29.5,1.1,1,0,1
267,67.10000000000001,3.6,3.6,51.8,51.9,63.0,9.2,41.8,1.0,2,3,61.0,12.0,7.1,0.9,50.2,8114.0,66.7,74.8,2.5,15.3,33.3,0.7,4,4,0
268,70.7,6.0,5.9,56.9,55.4,65.5,9.5,37.6,1.0,2,4,79.3,15.3,8.5,8.5,53.1,8078.0,71.4,75.4,2.0,27.1,32.2,0.9,1,3,1
269,61.0,0.9,1.0,54.7,50.2,66.7,8.8,41.1,0.6,4,0,70.7,11.3,8.0,6.0,55.4,8251.0,65.5,81.3,2.9,8.8,21.2,0.8,2,4,0
270,50.0,-0.2,-0.3,50.9,48.2,47.6,9.6,46.7,0.7,8,0,73.2,13.5,7.5,8.9,55.3,8533.0,61.1,69.5,2.6,1.6,35.4,1.1,1,4,0
271,51.2,0.7,0.6,51.8,50.8,46.8,7.4,42.6,0.5,7,1,70.7,12.4,8.3,6.1,53.3,8334.0,60.5,82.7,2.7,7.5,33.3,1.5,2,4,0
272,51.2,-0.1,-0.1,52.0,49.2,54.5,9.8,41.3,1.3,6,1,62.2,10.8,7.4,2.7,52.9,8467.0,66.7,75.0,2.7,1.1,30.8,0.8,3,4,0
273,59.8,4.4,4.3,53.4,53.0,54.8,9.5,47.0,1.0,4,4,58.5,9.5,8.7,3.3,52.7,8097.0,56.1,80.6,2.1,13.3,28.3,0.7,5,0,1
274,69.5,6.5,6.5,56.5,54.6,57.1,9.2,39.5,1.1,1,4,58.5,10.0,6.8,0.9,50.5,8475.0,62.8,83.2,2.6,17.6,29.3,1.1,8,2,1
275,65.9,4.0,4.0,52.7,52.4,67.4,7.8,40.4,0.6,2,4,58.5,9.9,6.1,1.7,51.6,8162.0,60.0,84.5,2.7,1.2,25.3,0.8,7,3,1
276,59.8,3.4,3.4,51.4,50.6,47.8,8.9,44.7,1.0,6,1,64.60000000000001,11.0,6.7,4.2,52.1,8269.0,59.5,77.4,2.5,6.9,40.3,0.7,3,4,0
277,64.60000000000001,4.8,4.8,54.2,49.8,58.5,8.3,45.0,0.8,4,4,61.0,12.1,8.1,5.3,53.9,8308.0,45.5,80.2,2.4,3.1,40.0,0.8,5,1,1
278,59.8,4.4,4.3,53.4,53.0,54.8,9.5,47.0,1.0,4,1,73.2,13.5,7.5,8.9,55.3,8533.0,61.1,69.5,2.6,1.6,35.4,1.1,1,4,0
279,62.2,2.7,2.6,53.2,52.9,66.7,9.2,42.1,1.0,3,3,70.7,12.4,8.3,6.1,53.3,8334.0,60.5,82.7,2.7,7.5,33.3,1.5,2,4,0
280,69.5,6.5,6.5,56.5,54.6,57.1,9.2,39.5,1.1,1,4,64.60000000000001,16.1,8.5,4.8,49.8,8130.0,58.5,80.0,2.2,-2.9,34.0,0.8,4,2,1
281,65.9,4.0,4.0,52.7,52.4,67.4,7.8,40.4,0.6,2,3,64.60000000000001,11.0,6.7,4.2,52.1,8269.0,59.5,77.4,2.5,6.9,40.3,0.7,3,4,0
282,73.2,8.9,8.6,55.0,55.3,61.1,9.5,46.4,0.7,1,2,70.7,12.4,8.3,6.1,53.3,8334.0,60.5,82.7,2.7,7.5,33.3,1.5,2,4,0
283,69.5,6.5,6.5,56.5,54.6,57.1,9.2,39.5,1.1,1,4,64.60000000000001,11.0,6.7,4.2,52.1,8269.0,59.5,77.4,2.5,6.9,40.3,0.7,3,0,1
284,69.5,6.5,6.5,56.5,54.6,57.1,9.2,39.5,1.1,1,2,70.7,12.4,8.3,6.1,53.3,8334.0,60.5,82.7,2.7,7.5,33.3,1.5,2,4,0
285,76.7,10.1,9.4,55.2,56.2,70.8,8.3,37.2,0.4,1,4,45.2,11.1,8.2,-1.0,49.6,7255.0,41.2,74.3,2.8,-8.2,26.7,1.0,8,1,1
286,48.6,-0.6,-0.5,52.0,50.0,50.0,10.5,41.2,1.0,7,0,73.6,13.8,8.8,6.2,53.0,7328.0,67.6,78.8,2.5,20.0,29.3,1.2,2,4,0
287,66.7,6.3,6.3,53.1,53.1,54.8,8.7,40.6,0.8,3,4,58.9,11.6,8.0,2.4,52.3,7304.0,59.1,86.3,2.1,2.8,29.7,0.8,6,0,1
288,61.6,2.0,1.9,53.4,52.0,61.1,9.3,38.2,1.1,4,0,60.3,13.4,7.5,2.9,52.5,7306.0,50.0,72.3,2.6,-14.0,30.1,0.9,5,4,0
289,73.2,5.8,5.6,54.2,53.9,66.7,8.9,40.6,0.6,1,4,47.3,12.9,6.3,-1.1,48.6,7519.0,59.5,79.8,2.4,6.8,25.0,1.1,8,1,1
290,57.3,4.9,4.8,54.5,52.1,41.5,8.6,41.5,1.0,7,2,68.10000000000001,12.4,7.1,6.4,53.2,7396.0,59.4,74.5,2.6,8.3,35.2,0.9,2,4,0
291,63.0,2.1,2.2,53.5,51.7,64.4,9.5,42.7,0.9,3,4,61.1,13.4,6.1,2.5,51.3,7169.0,68.3,77.7,2.8,9.7,26.7,0.8,6,3,1
292,61.1,3.0,2.7,53.7,49.4,59.4,9.2,35.2,1.0,4,4,61.1,10.7,7.6,2.0,51.9,7218.0,66.7,84.2,2.9,24.4,31.6,1.4,5,3,1
293,66.7,6.3,6.3,53.1,53.1,54.8,8.7,40.6,0.8,3,4,73.6,13.8,8.8,6.2,53.0,7328.0,67.6,78.8,2.5,20.0,29.3,1.2,2,3,1
294,60.3,2.9,2.7,54.7,52.5,50.0,9.1,44.5,1.1,5,4,76.7,13.8,7.2,10.1,56.2,7739.0,70.8,81.3,2.4,14.8,38.1,0.9,1,1,1
295,63.0,2.1,2.2,53.5,51.7,64.4,9.5,42.7,0.9,3,4,68.10000000000001,12.4,7.1,6.4,53.2,7396.0,59.4,74.5,2.6,8.3,35.2,0.9,2,3,1
296,61.1,3.0,2.7,53.7,49.4,59.4,9.2,35.2,1.0,4,1,73.2,11.0,8.6,5.8,53.9,7211.0,66.7,69.0,2.4,6.4,29.9,1.3,1,4,0
297,66.7,6.3,6.3,53.1,53.1,54.8,8.7,40.6,0.8,3,2,60.3,13.4,7.5,2.9,52.5,7306.0,50.0,72.3,2.6,-14.0,30.1,0.9,5,4,0
298,63.0,2.1,2.2,53.5,51.7,64.4,9.5,42.7,0.9,3,1,73.2,11.0,8.6,5.8,53.9,7211.0,66.7,69.0,2.4,6.4,29.9,1.3,1,4,0
299,73.2,5.8,5.6,54.2,53.9,66.7,8.9,40.6,0.6,1,4,60.3,13.4,7.5,2.9,52.5,7306.0,50.0,72.3,2.6,-14.0,30.1,0.9,5,2,1
300,55.60000000000001,0.0,-0.1,54.6,50.9,52.9,7.1,40.0,1.1,6,0,63.9,14.4,8.1,5.9,53.3,7423.0,46.4,79.1,2.9,1.6,23.0,0.8,3,4,0
301,58.3,2.3,2.3,55.0,51.0,54.5,7.5,45.5,0.8,5,3,65.3,14.3,7.1,6.2,53.0,7036.0,47.1,87.1,1.8,-5.5,32.6,0.5,4,4,0
302,50.0,1.5,1.2,54.3,50.1,39.5,7.8,43.1,0.7,7,1,66.7,14.2,6.7,4.5,53.2,7280.0,67.5,85.5,2.6,9.5,25.4,1.0,2,4,0
303,65.3,4.9,4.8,55.7,52.5,58.1,11.4,44.5,1.2,3,4,58.3,15.7,6.9,1.8,49.3,7137.0,64.9,84.2,2.6,27.4,33.8,1.0,6,2,1
304,68.10000000000001,5.6,5.5,54.1,53.6,73.5,9.4,39.1,1.2,1,4,47.2,10.2,7.3,-1.8,49.6,7585.0,48.7,83.7,3.5,4.5,29.1,0.9,8,1,1
305,52.8,1.0,1.2,52.8,51.1,50.0,8.5,48.0,0.8,8,1,72.2,16.7,6.6,9.3,54.2,7193.0,56.7,82.4,2.0,10.4,33.3,0.8,1,4,0
306,56.89999999999999,2.3,2.2,53.9,51.1,50.0,8.5,48.5,0.6,5,4,56.89999999999999,11.8,7.0,2.3,50.2,6994.0,55.6,78.3,3.4,12.5,25.1,1.4,4,1,1
307,58.3,2.8,2.9,53.6,51.7,60.0,9.3,42.5,0.5,7,2,70.8,13.1,7.2,5.8,53.4,7137.0,67.6,79.3,2.6,1.0,32.4,1.0,2,4,0
308,66.7,4.5,4.2,57.5,53.2,67.5,9.5,46.2,0.8,2,3,63.9,14.4,8.1,5.9,53.3,7423.0,46.4,79.1,2.9,1.6,23.0,0.8,3,4,0
309,56.89999999999999,2.3,2.2,53.9,51.1,50.0,8.5,48.5,0.6,5,4,68.10000000000001,11.3,9.1,5.6,53.6,7272.0,73.5,79.5,2.8,11.0,38.5,1.3,1,3,1
310,65.3,4.9,4.8,55.7,52.5,58.1,11.4,44.5,1.2,3,0,70.8,13.1,7.2,5.8,53.4,7137.0,67.6,79.3,2.6,1.0,32.4,1.0,2,4,0
311,65.3,6.2,6.1,56.4,53.0,47.1,6.2,41.3,0.8,4,4,72.2,16.7,6.6,9.3,54.2,7193.0,56.7,82.4,2.0,10.4,33.3,0.8,1,2,1
312,65.3,6.2,6.1,56.4,53.0,47.1,6.2,41.3,0.8,4,2,70.8,13.1,7.2,5.8,53.4,7137.0,67.6,79.3,2.6,1.0,32.4,1.0,2,4,0
313,56.89999999999999,2.3,2.2,53.9,51.1,50.0,8.5,48.5,0.6,5,2,63.9,14.4,8.1,5.9,53.3,7423.0,46.4,79.1,2.9,1.6,23.0,0.8,3,4,0
314,63.9,5.9,5.8,56.6,53.3,46.4,8.2,42.7,0.8,3,4,70.8,13.1,7.2,5.8,53.4,7137.0,67.6,79.3,2.6,1.0,32.4,1.0,2,2,1
315,56.10000000000001,-0.4,-0.5,54.1,49.6,61.0,9.0,39.6,0.9,6,1,62.2,14.1,7.6,3.4,51.6,8284.0,58.5,77.3,2.3,15.9,34.1,0.8,3,4,0
316,68.30000000000001,5.7,5.3,52.2,53.0,65.6,9.5,40.2,1.0,2,4,56.10000000000001,14.8,8.8,2.6,50.4,8357.0,52.6,76.6,2.1,-0.9,29.3,0.9,7,2,1
317,62.2,7.3,7.4,54.2,54.7,37.1,9.9,42.6,1.0,2,4,53.7,11.5,7.1,0.8,51.2,8177.0,52.4,78.9,2.7,9.1,33.1,1.0,7,0,1
318,58.5,2.3,2.3,55.6,51.6,57.5,8.7,45.3,0.7,6,1,64.60000000000001,14.3,8.8,5.5,53.6,8121.0,54.8,83.3,2.3,4.0,30.4,1.1,3,4,0
319,63.4,3.3,3.5,53.8,51.1,57.9,7.2,49.7,0.7,4,4,59.8,14.5,7.2,6.0,52.8,8014.0,42.5,69.4,2.3,-6.7,30.0,1.0,5,2,1
320,62.2,2.6,2.8,53.4,51.7,53.3,8.8,42.7,0.8,4,4,58.5,11.9,9.0,2.3,49.4,8000.0,57.8,73.7,2.8,9.5,42.9,1.1,5,2,1
321,43.9,-1.0,-0.8,51.7,50.0,43.8,8.4,48.7,0.6,8,2,78.0,11.6,8.6,7.5,54.8,8242.0,78.6,76.2,2.4,33.4,32.0,0.7,1,4,0
322,52.400000000000006,1.6,1.6,54.3,50.9,47.4,7.7,47.1,0.8,8,1,64.60000000000001,13.6,7.4,4.5,52.9,7987.0,60.5,78.0,2.3,0.3,27.4,1.0,1,4,0
323,62.2,7.3,7.4,54.2,54.7,37.1,9.9,42.6,1.0,2,4,62.2,14.1,7.6,3.4,51.6,8284.0,58.5,77.3,2.3,15.9,34.1,0.8,3,3,1
324,64.60000000000001,4.5,4.5,54.7,52.9,60.5,7.4,38.5,0.7,1,4,62.2,11.6,7.7,2.6,51.7,7975.0,53.3,75.7,2.7,3.9,27.9,0.9,4,2,1
325,63.4,3.3,3.5,53.8,51.1,57.9,7.2,49.7,0.7,4,4,78.0,11.6,8.6,7.5,54.8,8242.0,78.6,76.2,2.4,33.4,32.0,0.7,1,3,1
326,64.60000000000001,5.5,5.5,55.2,53.6,54.8,7.4,40.2,1.0,3,4,68.30000000000001,11.5,9.8,5.7,53.0,8295.0,65.6,80.4,2.4,9.8,39.6,1.1,2,2,1
327,63.4,3.3,3.5,53.8,51.1,57.9,7.2,49.7,0.7,4,1,64.60000000000001,14.3,8.8,5.5,53.6,8121.0,54.8,83.3,2.3,4.0,30.4,1.1,3,4,0
328,62.2,7.3,7.4,54.2,54.7,37.1,9.9,42.6,1.0,2,4,64.60000000000001,13.6,7.4,4.5,52.9,7987.0,60.5,78.0,2.3,0.3,27.4,1.0,1,3,1
329,62.2,7.3,7.4,54.2,54.7,37.1,9.9,42.6,1.0,2,2,64.60000000000001,14.3,8.8,5.5,53.6,8121.0,54.8,83.3,2.3,4.0,30.4,1.1,3,4,0
