,t1_general_traditional_WIN%,t2_general_traditional_WIN%,t1_general_traditional_PTS,t2_general_traditional_PTS,t1_general_traditional_BLK,t2_general_traditional_BLK,t1_general_traditional_+/-,t2_general_traditional_+/-,t1_general_advanced_NetRtg,t2_general_advanced_NetRtg,t1_general_advanced_PIE,t2_general_advanced_PIE,t1_general_opponent_Opponent's 3 Point Field Goal Percentage,t2_general_opponent_Opponent's 3 Point Field Goal Percentage,t1_general_opponent_Opponent's Steals,t2_general_opponent_Opponent's Steals,t1_clutch-traditional_Personal Fouls,t2_clutch-traditional_Personal Fouls,t1_clutch-advanced_Offensive Rebounding Percentage,t2_clutch-advanced_Offensive Rebounding Percentage,t1_clutch-advanced_Pace,t2_clutch-advanced_Pace,t1_clutch-advanced_Player Impact Estimate,t2_clutch-advanced_Player Impact Estimate,t1_seed,t2_seed,t1_general_traditional_FT%,t2_general_traditional_FT%,t1_general_advanced_DefRtg,t2_general_advanced_DefRtg,t1_general_advanced_POSS,t2_general_advanced_POSS,t1_general_defense_OPP_PTS_2ND_CHANCE,t2_general_defense_OPP_PTS_2ND_CHANCE,t1_clutch-traditional_Field Goal Percentage,t2_clutch-traditional_Field Goal Percentage,t1_clutch-traditional_Assists,t2_clutch-traditional_Assists
0,67.10000000000001,68.30000000000001,110.1,95.4,6.3,4.1,5.0,4.8,5.0,5.3,55.6,53.3,35.3,34.2,7.3,6.9,1.8,2.2,35.0,22.8,98.5,94.82,63.8,61.4,6.0,3.0,78.3,76.1,107.0,100.7,8058.0,7377.0,15.4,10.5,46.0,50.0,1.5,1.8
1,64.60000000000001,56.10000000000001,101.7,97.7,5.0,4.7,4.7,1.7,4.9,2.1,52.3,49.5,34.5,34.3,6.2,7.0,2.2,2.7,40.8,30.2,88.81,98.25,52.4,53.1,3.0,6.0,75.9,75.5,106.0,101.9,7515.0,7698.0,14.0,11.1,40.4,40.1,1.2,1.5
2,58.3,65.3,112.4,114.0,4.3,4.1,2.3,6.2,2.3,6.1,51.0,53.0,36.5,35.6,7.3,7.1,1.6,2.1,27.5,32.6,102.49,107.69,47.9,45.6,5.0,4.0,77.8,83.9,112.3,110.6,7062.0,7036.0,13.1,11.8,45.1,42.5,1.2,0.9
3,80.5,46.3,102.9,98.9,5.4,6.7,7.9,-1.5,8.2,-1.7,56.4,48.8,35.0,34.8,7.9,8.0,1.6,1.7,37.0,36.3,94.43,100.05,75.6,53.5,1.0,8.0,75.4,73.6,103.2,104.2,7572.0,7909.0,14.7,14.6,48.8,41.9,2.2,1.5
4,80.5,72.0,100.5,97.5,4.6,5.8,10.3,7.4,10.8,8.3,58.1,55.2,31.6,33.2,7.2,5.8,2.0,2.0,32.5,37.7,96.28,93.4,51.1,56.2,1.0,2.0,77.1,76.7,98.1,101.5,7575.0,7279.0,12.5,11.4,39.1,41.3,1.2,1.3
5,75.6,72.0,110.4,96.2,5.5,6.6,7.1,7.8,7.0,8.3,54.6,56.5,33.5,36.7,7.6,7.2,1.4,2.9,28.7,38.9,101.43,97.24,59.0,49.2,1.0,2.0,74.8,72.4,105.7,97.8,8034.0,7435.0,17.4,12.3,46.2,42.1,1.5,1.4
6,61.0,72.0,110.9,111.7,3.8,6.1,0.9,7.8,1.0,7.7,50.2,53.8,36.8,35.7,7.5,7.2,1.8,1.8,33.3,29.5,101.1,106.7,60.1,52.2,4.0,1.0,77.9,79.4,111.1,105.3,8114.0,8104.0,12.7,13.2,45.3,42.6,1.2,1.1
7,72.0,51.2,101.5,91.4,5.8,3.8,6.5,-1.5,6.7,-1.7,55.6,49.0,34.8,36.8,7.5,7.3,2.7,2.9,34.9,33.0,97.27,98.03,59.7,60.9,1.0,8.0,67.2,76.3,102.2,101.6,7647.0,7501.0,12.9,12.6,47.1,39.8,1.9,1.7
8,65.9,72.0,93.3,101.5,6.1,5.8,3.9,6.5,4.3,6.7,54.2,55.6,33.8,34.8,7.4,7.5,2.7,2.7,35.5,34.9,93.06,97.27,57.2,59.7,2.0,1.0,73.9,67.2,99.6,102.2,7364.0,7647.0,12.1,12.9,37.9,47.1,1.5,1.9
9,67.10000000000001,61.0,102.0,101.4,5.5,4.6,2.7,5.1,2.8,5.4,53.4,53.2,34.7,34.3,6.9,6.9,1.9,2.4,27.3,36.8,93.8,97.9,64.7,40.7,2.0,7.0,81.6,74.0,105.0,103.9,7757.0,7605.0,12.9,12.6,47.2,36.9,1.7,1.0
10,56.10000000000001,62.2,111.6,115.5,4.1,4.0,-0.4,3.4,-0.5,3.2,49.6,51.6,36.6,35.6,7.1,7.4,1.9,1.7,29.6,34.1,102.26,102.06,61.3,59.5,6.0,3.0,81.3,77.6,113.2,111.1,8124.0,8284.0,12.7,12.9,48.4,47.1,1.1,1.1
11,75.6,70.7,98.6,102.1,5.7,5.2,7.3,7.5,7.8,7.8,55.5,55.6,32.6,34.5,6.9,7.0,2.2,2.0,37.4,26.7,99.28,101.62,64.7,58.3,1.0,2.0,74.3,76.9,99.5,102.9,7542.0,7564.0,11.9,12.8,44.4,41.6,1.5,0.8
12,69.5,64.60000000000001,117.7,113.9,6.4,4.9,6.5,4.8,6.5,4.8,54.6,49.8,34.7,34.0,7.7,7.4,2.3,2.1,23.2,34.0,104.8,98.53,54.1,49.2,1.0,4.0,80.1,79.1,108.6,110.1,8390.0,8130.0,13.8,13.7,43.3,38.7,1.6,0.9
13,73.2,46.3,102.5,98.0,4.6,4.1,5.4,-2.9,5.9,-3.0,54.0,48.0,34.1,35.8,7.4,7.8,1.5,2.3,20.5,31.4,103.61,95.34,70.7,45.2,1.0,8.0,77.8,74.8,102.3,106.3,7775.0,7777.0,14.2,14.0,48.2,37.9,1.6,1.3
14,55.60000000000001,63.9,108.1,120.1,4.0,4.6,0.0,5.9,-0.1,5.8,50.9,53.3,36.5,38.4,7.5,7.0,1.6,1.4,30.5,23.0,99.79,106.52,50.7,52.0,6.0,3.0,79.0,76.0,110.7,110.7,7036.0,7423.0,12.3,13.0,37.5,45.5,1.4,1.3
15,61.0,50.0,96.8,104.3,4.3,4.6,3.8,-0.5,3.8,-0.4,52.0,48.5,32.9,37.7,6.6,6.3,2.9,3.6,36.2,29.2,97.14,108.41,55.3,38.5,2.0,7.0,69.6,76.5,100.6,109.1,7598.0,7870.0,12.3,14.4,42.7,38.0,1.8,1.2
16,68.30000000000001,70.7,98.2,94.5,4.6,5.6,3.9,5.5,4.1,5.7,53.8,55.4,33.7,33.4,7.5,6.7,2.5,2.5,31.4,35.1,97.97,97.17,68.2,60.9,2.0,1.0,69.3,78.1,100.1,98.5,7729.0,7441.0,13.1,13.1,41.4,40.8,1.6,1.5
17,63.4,50.0,104.5,100.2,4.1,4.1,5.5,2.9,5.6,3.3,52.9,51.9,35.8,36.8,7.1,5.7,2.3,2.7,30.9,25.4,99.59,98.64,52.4,46.7,3.0,6.0,72.1,81.2,104.9,105.6,7757.0,7543.0,12.7,11.7,41.9,45.9,1.3,1.9
18,72.0,48.8,97.5,96.6,5.8,4.9,7.4,0.4,8.3,0.5,55.2,50.0,33.2,36.0,5.8,6.7,2.0,2.1,37.7,34.1,93.4,97.39,56.2,60.3,2.0,7.0,76.7,70.6,101.5,104.7,7279.0,7536.0,11.4,13.1,41.3,40.7,1.3,1.0
19,73.2,70.7,118.1,114.4,5.9,5.3,8.9,6.1,8.6,5.8,55.3,53.3,36.1,34.5,6.8,7.6,2.0,2.6,35.4,33.3,104.23,96.95,53.0,54.2,1.0,2.0,77.3,80.4,104.9,106.8,8533.0,8334.0,12.1,12.9,46.8,43.2,1.8,1.8
20,59.8,52.400000000000006,96.4,91.0,3.6,4.4,2.2,1.6,2.2,1.8,50.0,52.0,34.0,33.1,7.6,8.0,2.4,2.0,32.2,33.5,97.33,94.58,62.0,55.0,3.0,6.0,76.4,77.9,99.9,98.7,7738.0,7424.0,13.6,11.9,40.2,36.5,1.5,1.1
21,53.7,57.3,100.3,97.2,5.6,6.1,0.2,1.6,0.3,1.6,51.2,52.3,35.8,34.7,7.1,7.0,2.3,2.2,34.7,26.4,94.18,95.22,51.3,65.3,3.0,6.0,74.4,79.1,104.1,102.2,7877.0,7675.0,14.2,12.5,41.9,48.7,1.6,1.7
22,54.900000000000006,52.400000000000006,96.4,98.8,5.2,4.8,-0.4,-0.3,-0.6,-0.3,49.0,48.8,35.7,38.6,6.8,6.5,2.3,3.0,38.0,39.1,97.19,101.87,68.4,49.6,4.0,5.0,71.7,78.2,105.4,107.9,7540.0,7533.0,11.3,13.1,44.5,40.1,1.6,1.2
23,69.69999999999999,54.50000000000001,98.5,97.8,5.4,4.2,6.0,3.2,6.4,3.2,55.3,52.0,36.3,35.9,8.3,8.1,2.3,2.2,27.3,37.0,96.25,99.28,58.4,48.8,2.0,7.0,77.5,74.1,99.2,100.2,6154.0,6242.0,13.1,12.6,43.7,39.8,1.6,1.1
24,71.2,75.8,103.1,103.7,8.2,4.4,6.1,7.2,6.3,7.7,54.2,54.6,34.2,35.3,8.2,7.4,2.8,1.7,29.2,29.2,99.19,96.36,54.5,64.0,2.0,1.0,80.6,74.8,102.1,102.3,6273.0,6220.0,14.7,11.1,39.3,45.5,1.2,1.5
25,66.7,58.9,113.7,110.7,5.6,5.3,6.3,2.4,6.3,2.3,53.1,52.3,34.0,35.3,7.1,7.0,2.2,2.0,35.6,29.7,106.3,104.88,54.5,53.8,3.0,6.0,80.1,75.5,106.5,108.4,7255.0,7304.0,13.2,11.6,43.8,42.5,1.7,1.2
26,61.0,51.2,94.3,91.4,6.9,5.6,2.1,-0.4,2.3,-0.6,52.3,49.6,36.2,34.6,7.9,7.7,2.1,2.4,30.9,35.4,99.03,92.29,55.3,54.8,2.0,7.0,75.6,73.9,100.9,101.7,7495.0,7414.0,13.2,13.5,37.8,36.8,1.2,1.4
27,64.60000000000001,48.8,96.0,94.8,5.8,5.1,4.2,0.8,4.8,0.8,53.3,50.2,33.9,35.3,6.4,8.3,2.5,2.6,39.3,35.1,95.28,95.42,57.5,32.2,1.0,8.0,77.4,70.2,102.6,103.3,7332.0,7465.0,13.3,11.6,45.1,34.4,1.6,1.0
28,50.0,57.3,97.6,99.5,3.3,3.9,-0.8,1.0,-0.9,1.2,49.9,51.4,35.7,35.7,7.1,6.0,2.6,1.9,29.2,28.0,104.94,102.55,44.9,56.2,6.0,3.0,72.7,78.8,105.1,104.4,7682.0,7719.0,12.5,12.6,44.0,41.7,1.6,1.2
29,64.60000000000001,59.8,108.0,109.2,4.1,4.1,2.6,1.8,2.6,1.7,51.4,51.1,33.2,36.4,7.6,7.4,2.2,1.9,36.1,34.0,103.74,100.8,60.9,62.3,1.0,4.0,80.7,78.4,108.0,108.8,8005.0,8109.0,13.9,13.8,45.3,46.9,1.5,1.4
30,53.7,72.0,95.3,102.8,5.4,5.6,1.5,7.5,1.9,7.9,51.8,55.1,33.8,36.3,7.5,6.7,2.4,1.7,36.5,33.1,91.56,95.02,48.7,57.2,7.0,2.0,75.1,72.4,102.0,102.8,7519.0,7614.0,12.7,11.7,38.2,40.3,1.2,0.9
31,57.3,52.400000000000006,98.1,98.3,4.6,5.5,1.6,0.3,1.7,0.3,50.7,50.5,35.3,38.9,6.5,6.4,1.7,2.5,31.8,32.9,99.34,100.84,56.6,52.9,4.0,5.0,73.7,75.4,106.7,106.5,7428.0,7547.0,13.3,13.0,44.1,45.7,1.2,1.5
32,73.2,72.0,103.0,101.7,5.5,5.6,7.8,6.5,8.3,6.6,54.6,55.1,34.0,32.0,6.7,8.3,1.9,2.5,34.2,34.1,97.46,101.2,60.8,56.2,3.0,2.0,82.9,74.6,101.0,97.8,7726.0,7987.0,14.3,14.6,43.8,46.2,1.4,1.8
33,58.5,58.5,107.9,104.1,5.0,5.1,3.4,4.3,3.7,4.4,50.8,53.2,36.7,36.5,7.7,8.3,2.5,2.0,40.0,28.2,101.02,106.39,43.6,55.8,4.0,5.0,71.6,77.9,106.4,103.0,8036.0,7951.0,12.8,10.8,40.7,43.5,1.3,1.5
34,53.7,58.5,98.5,101.3,3.8,4.2,-1.0,3.2,-1.3,3.3,49.2,51.2,36.7,36.0,7.4,7.3,2.8,2.6,24.9,39.3,98.76,95.78,50.5,53.5,6.0,3.0,75.3,78.2,106.7,104.6,7663.0,7696.0,12.8,13.1,41.7,39.2,1.5,1.1
35,61.0,70.7,96.8,98.5,4.3,5.1,3.8,8.4,3.8,9.2,52.0,56.9,32.9,33.4,6.6,7.1,2.9,1.8,36.2,36.8,97.14,96.38,55.3,51.1,2.0,3.0,69.6,75.1,100.6,99.4,7598.0,7440.0,12.3,12.4,42.7,42.4,1.8,1.2
36,64.60000000000001,68.30000000000001,111.0,115.6,4.5,6.5,5.5,5.7,5.5,5.3,53.6,53.0,33.9,34.9,7.9,7.2,2.0,2.0,30.4,39.6,98.47,99.65,52.3,55.3,3.0,2.0,76.9,73.4,106.6,108.9,8121.0,8295.0,12.7,13.0,42.1,41.2,1.5,1.2
37,58.5,57.3,88.7,97.6,4.2,6.3,2.6,2.3,3.0,2.3,52.0,52.2,35.2,36.3,7.3,6.8,2.6,2.6,27.5,34.2,91.45,93.3,54.1,57.2,4.0,5.0,79.6,74.7,97.0,102.0,7276.0,7671.0,10.7,13.6,36.2,37.7,1.2,1.4
38,61.0,72.0,99.2,102.8,4.9,5.6,3.7,7.5,3.7,7.9,54.0,55.1,34.2,36.3,7.0,6.7,1.8,1.7,30.4,33.1,92.15,95.02,61.2,57.2,4.0,2.0,74.6,72.4,103.2,102.8,7609.0,7614.0,12.8,11.7,43.2,40.3,1.4,0.9
39,59.8,54.900000000000006,96.9,93.2,4.8,5.1,1.8,0.3,2.0,0.5,50.9,51.4,36.6,34.6,7.5,7.3,2.6,1.9,32.2,41.4,94.96,96.15,50.0,59.8,4.0,5.0,73.1,77.3,104.8,101.9,7433.0,7460.0,12.4,12.7,38.2,39.6,1.0,1.5
40,62.2,58.5,109.9,109.4,5.3,4.6,2.6,2.3,2.8,2.2,51.7,49.4,34.6,35.4,6.6,6.7,2.1,1.8,27.9,42.9,97.46,96.63,52.8,58.3,4.0,5.0,82.1,75.9,110.2,109.9,7975.0,8000.0,13.0,13.9,43.9,40.8,1.5,1.4
41,70.7,50.0,102.1,99.0,5.2,4.3,7.5,1.5,7.8,1.5,55.6,51.0,34.5,34.0,7.0,7.1,2.0,2.8,26.7,28.1,101.62,97.9,58.3,40.2,2.0,7.0,76.9,77.0,102.9,103.8,7564.0,7709.0,12.8,12.2,41.6,39.7,0.8,1.5
42,69.5,65.9,108.6,106.2,5.3,4.3,7.3,6.9,7.3,7.2,55.1,55.6,36.2,35.7,7.7,7.5,2.3,2.5,40.0,32.7,100.17,105.36,52.3,53.2,1.0,4.0,76.9,75.9,104.3,104.9,7974.0,7773.0,14.3,12.8,42.3,50.0,1.3,1.8
43,57.6,62.1,104.1,97.3,5.0,5.3,2.9,1.4,3.2,1.3,52.7,52.4,38.3,34.8,7.9,8.4,2.5,1.5,30.7,34.9,95.77,92.17,49.5,65.5,6.0,3.0,73.5,75.6,105.1,103.2,6346.0,6145.0,12.6,12.7,40.1,47.0,2.0,2.1
44,69.5,68.30000000000001,104.3,102.7,3.9,5.5,6.0,4.5,6.3,4.4,52.8,52.5,34.7,37.3,7.2,6.5,2.5,2.4,32.3,33.3,99.98,103.97,51.0,56.2,1.0,2.0,74.8,77.7,103.9,104.8,7764.0,7707.0,11.2,11.6,39.7,42.0,1.3,0.9
45,89.0,53.7,114.9,105.1,6.1,4.6,10.8,0.8,10.6,0.8,56.7,49.3,33.2,37.1,8.7,7.7,2.2,1.9,34.0,31.3,100.8,107.23,78.2,49.9,1.0,5.0,76.3,75.4,102.8,106.8,8303.0,8012.0,13.8,12.4,46.5,41.0,1.9,1.1
46,53.7,65.9,98.5,102.2,3.8,4.5,-1.0,4.8,-1.3,5.1,49.2,53.9,36.7,36.2,7.4,8.1,2.8,2.2,24.9,29.8,98.76,92.78,50.5,54.0,6.0,2.0,75.3,76.0,106.7,105.0,7663.0,7615.0,12.8,13.3,41.7,43.0,1.5,1.3
47,62.2,64.60000000000001,111.8,111.0,5.8,4.5,7.3,5.5,7.4,5.5,54.7,53.6,33.9,33.9,7.5,7.9,2.6,2.0,23.7,30.4,100.89,98.47,45.0,52.3,2.0,3.0,81.6,76.9,106.2,106.6,8068.0,8121.0,12.5,12.7,40.1,42.1,1.6,1.5
48,68.30000000000001,56.10000000000001,115.6,115.9,6.5,5.6,5.7,2.6,5.3,2.7,53.0,50.4,34.9,35.0,7.2,7.2,2.0,1.8,39.6,29.3,99.65,98.14,55.3,48.5,2.0,7.0,73.4,77.8,108.9,111.0,8295.0,8357.0,13.0,14.1,41.2,41.5,1.2,1.0
49,74.4,70.7,110.2,98.5,4.8,5.1,7.3,8.4,7.4,9.2,56.1,56.9,36.3,33.4,6.9,7.1,2.2,1.8,31.3,36.8,101.25,96.38,58.0,51.1,2.0,3.0,80.8,75.1,105.5,99.4,8002.0,7440.0,15.3,12.4,44.6,42.4,1.9,1.2
50,57.3,70.7,101.2,103.0,4.2,5.4,0.9,6.4,0.9,6.7,50.2,55.1,34.7,35.3,8.2,8.2,2.3,2.0,27.4,27.6,100.15,96.49,58.8,56.6,6.0,2.0,79.0,79.1,104.2,100.3,7893.0,7892.0,13.9,12.5,39.5,41.8,1.5,1.8
51,68.30000000000001,70.7,96.5,102.1,4.2,5.2,5.4,7.5,5.7,7.8,55.8,55.6,34.0,34.5,7.0,7.0,2.0,2.0,31.3,26.7,94.89,101.62,57.0,58.3,3.0,2.0,77.0,76.9,99.8,102.9,7500.0,7564.0,12.5,12.8,41.2,41.6,1.7,0.8
52,62.2,62.2,108.7,100.7,4.2,5.0,4.3,3.9,4.4,4.3,52.7,53.4,35.0,35.8,7.0,7.3,1.9,1.6,32.9,29.6,103.37,97.15,53.2,62.8,4.0,5.0,74.5,74.7,107.5,104.7,7968.0,7579.0,12.7,10.7,40.3,48.9,1.1,1.5
53,61.0,65.9,101.7,104.3,5.2,6.0,2.0,3.4,2.0,3.4,52.2,52.9,37.5,36.6,7.2,7.9,1.8,2.9,32.0,28.0,97.8,94.65,62.4,48.3,6.0,2.0,81.9,76.0,107.0,105.6,7651.0,7848.0,13.0,14.3,45.1,44.7,1.4,1.5
54,67.10000000000001,63.4,104.0,109.8,4.5,5.1,3.6,4.5,3.6,4.6,51.9,54.2,33.9,34.2,7.2,8.5,2.0,1.7,24.4,30.6,102.27,108.48,52.1,67.7,2.0,3.0,77.1,75.2,103.2,103.9,7987.0,8299.0,11.2,12.3,48.2,49.3,1.9,1.8
55,52.400000000000006,70.7,97.2,94.5,6.3,5.6,1.1,5.5,1.0,5.7,50.5,55.4,35.6,33.4,8.1,6.7,2.5,2.5,41.1,35.1,103.11,97.17,60.1,60.9,8.0,1.0,76.7,78.1,101.4,98.5,7786.0,7441.0,14.2,13.1,36.2,40.8,1.4,1.5
56,66.7,60.3,113.7,112.0,5.6,4.5,6.3,2.9,6.3,2.7,53.1,52.5,34.0,34.7,7.1,7.5,2.2,2.1,35.6,30.1,106.3,99.18,54.5,43.1,3.0,5.0,80.1,78.3,106.5,109.3,7255.0,7306.0,13.2,12.8,43.8,37.7,1.7,1.7
57,61.0,78.0,97.6,96.8,4.8,6.0,2.2,6.7,2.1,7.6,51.0,55.7,35.6,32.5,6.6,5.9,2.5,1.9,30.6,40.3,100.01,91.0,56.3,59.8,4.0,1.0,72.9,72.7,104.4,101.7,7510.0,7268.0,11.9,12.6,48.1,42.8,1.3,1.6
58,65.9,50.0,90.1,98.0,7.0,4.7,5.8,1.1,6.5,1.1,55.8,51.0,30.2,35.2,7.9,7.5,2.3,2.3,40.2,28.8,95.21,104.98,54.5,46.5,3.0,6.0,75.3,77.5,93.9,103.5,7365.0,7682.0,12.7,13.4,38.4,37.3,1.3,1.3
59,61.0,58.5,110.9,105.6,3.8,4.1,0.9,1.4,1.0,1.3,50.2,50.9,36.8,34.9,7.5,7.0,1.8,1.8,33.3,39.1,101.1,103.18,60.1,60.9,4.0,5.0,77.9,77.9,111.1,107.3,8114.0,7977.0,12.7,12.8,45.3,42.3,1.2,0.8
60,63.4,59.8,108.0,113.6,4.0,4.9,3.3,6.0,3.5,6.2,51.1,52.8,34.0,35.0,7.0,7.8,1.7,2.0,33.1,30.0,91.93,100.27,45.8,46.2,4.0,5.0,77.1,76.7,109.1,110.0,7871.0,8014.0,13.1,12.9,44.9,41.5,1.3,1.4
61,70.7,67.10000000000001,94.5,102.8,5.6,4.0,5.5,5.0,5.7,5.4,55.4,54.4,33.4,33.9,6.7,7.9,2.5,2.5,35.1,25.3,97.17,98.39,60.9,56.0,1.0,4.0,78.1,79.5,98.5,103.2,7441.0,7765.0,13.1,14.1,40.8,38.2,1.5,1.5
62,70.7,62.2,102.5,95.1,5.6,4.6,5.7,4.0,5.9,4.3,53.7,52.7,33.0,33.8,7.1,7.4,1.8,2.6,29.7,28.6,104.98,97.56,65.5,43.4,4.0,5.0,78.9,78.1,102.6,100.1,7749.0,7467.0,14.6,11.5,43.1,40.9,0.9,1.5
63,75.8,53.0,96.3,93.6,5.9,5.2,8.2,4.2,8.8,4.6,56.1,53.2,32.5,33.4,7.4,5.9,1.7,2.7,45.7,23.1,101.74,100.33,62.7,36.5,1.0,8.0,72.2,74.2,97.5,98.2,5982.0,6016.0,11.9,11.7,40.0,37.1,1.2,1.0
64,67.10000000000001,65.9,96.7,106.2,5.1,4.3,4.7,6.9,4.8,7.2,53.5,55.6,36.5,35.7,7.6,7.5,2.1,2.5,38.6,32.7,96.51,105.36,47.0,53.2,5.0,4.0,72.6,75.9,100.5,104.9,7525.0,7773.0,12.7,12.8,38.5,50.0,1.3,1.8
65,65.9,57.3,90.1,90.3,7.0,3.9,5.8,2.5,6.5,2.6,55.8,53.3,30.2,35.0,7.9,8.0,2.3,2.4,40.2,29.1,95.21,103.63,54.5,55.5,3.0,2.0,75.3,75.3,93.9,96.4,7365.0,7475.0,12.7,11.4,38.4,39.3,1.3,1.5
66,70.7,58.5,113.5,111.7,7.5,5.9,6.0,1.3,5.9,1.1,55.4,52.5,35.7,35.5,8.7,8.2,2.2,1.8,21.2,26.9,106.06,98.83,59.0,60.5,2.0,6.0,81.5,77.2,106.8,107.4,8251.0,8443.0,13.7,13.8,48.3,48.3,2.0,2.1
67,69.5,89.0,104.3,114.9,3.9,6.1,6.0,10.8,6.3,10.6,52.8,56.7,34.7,33.2,7.2,8.7,2.5,2.2,32.3,34.0,99.98,100.8,51.0,78.2,1.0,1.0,74.8,76.3,103.9,102.8,7764.0,8303.0,11.2,13.8,39.7,46.5,1.3,1.9
68,51.2,59.8,99.5,95.4,4.2,4.6,0.2,5.2,0.3,5.4,49.5,54.4,37.5,35.9,6.6,8.5,3.3,2.5,35.6,33.1,99.58,96.97,48.1,37.0,7.0,2.0,77.6,75.7,106.9,96.6,7607.0,7661.0,15.0,12.3,39.4,32.2,1.7,1.1
69,53.7,76.8,98.9,95.6,3.6,5.7,1.5,6.8,1.8,7.5,51.5,55.4,35.1,33.9,8.0,7.3,2.3,2.1,34.5,30.3,98.53,101.57,52.2,65.3,8.0,1.0,78.4,70.2,103.5,98.7,7701.0,7382.0,12.8,11.8,35.2,43.2,1.3,1.2
70,50.0,74.4,97.5,102.1,5.8,5.2,-1.6,6.5,-1.6,6.8,50.0,55.2,34.8,34.7,7.0,6.6,2.2,1.5,34.1,34.1,96.53,97.53,53.8,68.4,8.0,1.0,75.4,72.0,104.2,103.8,7794.0,7573.0,12.9,11.7,45.2,45.6,1.5,1.2
71,89.0,67.10000000000001,114.9,110.2,6.1,5.9,10.8,7.3,10.6,7.4,56.7,54.6,33.2,34.2,8.7,8.8,2.2,2.4,34.0,36.3,100.8,104.37,78.2,46.3,1.0,3.0,76.3,78.2,102.8,104.8,8303.0,8061.0,13.8,13.9,46.5,40.9,1.9,1.2
72,72.0,63.4,96.2,98.9,6.6,4.1,7.8,2.3,8.3,2.3,56.5,50.4,36.7,35.7,7.2,6.2,2.9,2.2,38.9,37.2,97.24,94.88,49.2,61.9,2.0,3.0,72.4,79.0,97.8,108.0,7435.0,7353.0,12.3,13.6,42.1,45.1,1.4,1.4
73,56.10000000000001,63.4,91.9,100.7,5.5,4.7,2.1,3.9,2.1,4.2,52.7,51.9,36.0,35.2,7.5,7.2,2.2,2.1,33.7,37.4,91.22,99.53,50.6,57.9,6.0,2.0,74.5,78.7,97.6,102.6,7565.0,7733.0,12.9,14.5,37.5,46.9,1.4,1.1
74,54.900000000000006,70.7,102.2,103.0,5.2,5.4,1.2,6.4,1.1,6.7,51.3,55.1,35.7,35.3,8.5,8.2,1.7,2.0,23.9,27.6,100.24,96.49,62.5,56.6,7.0,2.0,69.2,79.1,105.9,100.3,7830.0,7892.0,13.8,12.5,44.1,41.8,1.4,1.8
75,68.30000000000001,68.30000000000001,103.9,106.7,5.0,5.0,3.4,6.6,3.4,6.9,50.9,54.0,32.2,34.9,8.9,6.7,2.4,2.1,25.7,29.4,101.1,106.01,49.0,59.3,2.0,3.0,71.5,71.0,102.6,104.7,8037.0,7844.0,14.0,12.8,40.5,38.2,1.0,1.1
76,58.3,70.8,109.5,115.3,5.4,4.3,2.8,5.8,2.9,5.9,51.7,53.4,35.2,35.4,8.2,6.9,1.6,2.4,33.8,32.4,95.56,98.61,57.3,50.3,7.0,2.0,73.9,83.4,106.8,110.4,7184.0,7137.0,11.3,12.4,44.4,42.0,1.8,1.5
77,65.9,72.0,93.3,96.2,6.1,6.6,3.9,7.8,4.3,8.3,54.2,56.5,33.8,36.7,7.4,7.2,2.7,2.9,35.5,38.9,93.06,97.24,57.2,49.2,2.0,2.0,73.9,72.4,99.6,97.8,7364.0,7435.0,12.1,12.3,37.9,42.1,1.5,1.4
78,58.5,53.7,93.7,100.7,5.2,4.6,1.9,1.3,1.9,1.3,52.8,50.4,35.1,34.7,7.6,7.7,2.0,2.9,39.7,26.3,93.19,97.19,59.0,43.7,4.0,5.0,77.9,73.1,99.9,103.6,7549.0,7872.0,11.7,12.9,34.6,39.0,1.5,1.6
79,59.1,53.0,91.8,93.6,5.5,5.2,2.5,4.2,2.6,4.6,53.5,53.2,30.8,33.4,7.8,5.9,1.9,2.7,32.2,23.1,96.2,100.33,54.1,36.5,4.0,8.0,77.8,74.2,97.5,98.2,6055.0,6016.0,13.5,11.7,43.1,37.1,1.6,1.0
80,61.0,59.8,91.4,95.4,5.7,4.6,3.7,5.2,4.2,5.4,52.5,54.4,34.4,35.9,6.9,8.5,2.8,2.5,32.3,33.1,93.45,96.97,57.4,37.0,1.0,2.0,77.1,75.7,98.2,96.6,7318.0,7661.0,11.7,12.3,38.1,32.2,1.2,1.1
81,63.4,67.10000000000001,105.2,102.8,5.3,4.0,4.4,5.0,4.5,5.4,52.7,54.4,36.3,33.9,7.1,7.9,2.3,2.5,36.5,25.3,100.41,98.39,39.9,56.0,5.0,4.0,79.6,79.5,105.9,103.2,7814.0,7765.0,13.2,14.1,37.9,38.2,1.5,1.5
82,61.0,72.0,96.1,106.2,4.6,6.1,1.6,6.3,1.7,6.4,51.8,54.3,35.5,35.8,7.2,8.2,1.4,2.3,35.0,28.6,96.46,100.15,75.3,52.9,7.0,2.0,74.1,80.6,103.8,103.0,7476.0,7954.0,11.5,12.3,45.3,38.5,1.2,1.1
83,63.0,61.1,111.3,111.3,4.6,4.1,2.1,2.5,2.2,2.5,51.7,51.3,35.8,35.3,7.2,7.9,1.8,1.9,35.8,26.7,98.43,107.4,59.4,57.4,3.0,6.0,77.7,77.9,110.4,109.3,7217.0,7169.0,12.2,12.1,46.0,42.9,1.8,1.4
84,68.30000000000001,53.7,96.7,100.7,5.4,4.6,4.4,1.3,4.7,1.3,54.5,50.4,34.5,34.7,7.2,7.7,2.1,2.9,36.9,26.3,97.75,97.19,61.9,43.7,1.0,5.0,77.9,73.1,98.9,103.6,7656.0,7872.0,11.7,12.9,43.0,39.0,1.5,1.6
85,72.0,52.400000000000006,111.7,106.6,6.1,4.3,7.8,0.6,7.7,0.4,53.8,50.9,35.7,34.9,7.2,7.8,1.8,2.4,29.5,29.8,106.7,105.18,52.2,46.2,1.0,8.0,79.4,77.2,105.3,107.7,8104.0,8087.0,13.2,13.1,42.6,37.6,1.1,1.7
86,81.69999999999999,54.900000000000006,110.0,99.4,6.0,6.2,10.1,0.8,9.9,0.8,56.9,50.8,33.7,33.5,8.3,6.8,1.3,1.8,34.8,35.2,106.84,97.22,65.2,51.9,1.0,8.0,76.8,75.1,100.4,106.3,8170.0,7608.0,14.2,12.9,43.5,41.7,1.5,1.5
87,51.2,62.2,103.6,106.9,5.3,4.9,-0.2,4.2,-0.2,4.3,50.4,51.6,35.3,35.4,7.4,6.7,1.9,1.9,23.5,34.2,101.62,100.79,40.9,59.0,6.0,3.0,76.8,79.6,108.7,107.1,7828.0,7867.0,12.7,13.1,39.7,45.7,1.2,1.2
88,46.3,68.30000000000001,101.0,96.7,4.0,5.4,-0.5,4.4,-0.7,4.7,50.2,54.5,36.5,34.5,8.2,7.2,2.6,2.1,32.0,36.9,103.92,97.75,52.8,61.9,8.0,1.0,78.1,77.9,105.7,98.9,7892.0,7656.0,13.1,11.7,41.2,43.0,1.7,1.5
89,54.900000000000006,53.7,101.3,93.0,5.2,4.4,0.9,0.8,0.8,1.0,50.5,50.4,35.6,36.5,8.7,6.7,2.5,2.8,28.2,34.4,96.97,96.72,53.3,58.5,3.0,6.0,76.4,79.2,105.1,102.7,7839.0,7351.0,15.0,12.5,40.7,41.0,1.6,1.5
90,45.1,80.5,98.2,100.5,5.5,4.6,-1.8,10.3,-1.8,10.8,49.8,58.1,36.2,31.6,7.5,7.2,2.5,2.0,39.3,32.5,95.24,96.28,40.6,51.1,8.0,1.0,77.2,77.1,107.3,98.1,7634.0,7575.0,14.2,12.5,35.3,39.1,1.3,1.2
91,70.7,74.4,101.3,104.6,5.8,4.6,7.1,7.6,7.6,8.1,54.9,55.2,31.7,33.7,7.2,7.7,2.5,1.9,31.3,28.2,99.25,99.8,60.2,70.6,3.0,1.0,69.9,75.1,100.4,99.7,7691.0,7951.0,14.6,14.5,42.0,42.8,1.4,1.4
92,64.60000000000001,53.7,104.5,105.1,5.6,4.6,4.3,0.8,4.5,0.8,53.3,49.3,33.8,37.1,7.1,7.7,2.5,1.9,25.6,31.3,102.64,107.23,56.9,49.9,4.0,5.0,69.2,75.4,102.7,106.8,7995.0,8012.0,13.8,12.4,45.9,41.0,1.5,1.1
93,59.8,64.60000000000001,114.5,114.7,5.2,5.0,3.4,4.2,3.4,4.2,50.6,52.1,35.6,35.9,8.2,7.4,2.2,2.1,37.9,40.3,104.64,105.69,50.7,55.8,6.0,3.0,71.3,81.4,106.5,109.5,8549.0,8269.0,12.5,13.7,38.2,42.3,1.3,1.4
94,69.5,69.5,100.2,101.5,4.3,5.1,4.2,6.1,4.4,6.3,53.8,54.1,34.3,33.5,7.6,7.1,1.7,2.1,35.1,41.7,98.86,96.34,73.1,54.0,3.0,2.0,77.7,77.9,104.1,103.3,7581.0,7594.0,12.6,13.8,48.1,42.6,1.3,1.4
95,68.30000000000001,67.10000000000001,100.6,101.7,6.0,5.3,3.4,5.8,3.5,5.7,53.2,54.0,35.4,35.5,7.5,8.1,2.6,3.2,33.9,30.4,100.92,94.49,58.9,55.4,2.0,3.0,68.3,77.1,103.6,98.5,7710.0,8010.0,13.5,13.5,44.4,36.2,1.3,1.5
96,76.7,45.2,118.7,107.3,5.9,5.4,10.1,-1.0,9.4,-1.3,56.2,49.6,35.5,36.4,7.4,7.0,1.9,2.1,38.1,26.7,112.01,106.24,64.8,42.8,1.0,8.0,74.2,77.4,102.5,109.2,7739.0,7255.0,11.3,11.2,42.3,39.8,1.4,1.6
97,61.0,73.2,100.4,95.8,5.7,6.5,2.3,5.4,2.2,5.8,52.0,54.9,38.0,33.9,7.9,8.1,2.5,2.2,37.4,31.9,97.86,94.98,58.6,54.3,5.0,1.0,73.4,72.5,103.4,98.1,7797.0,7558.0,13.8,14.0,45.4,45.3,1.6,1.3
98,60.6,62.1,97.5,95.0,4.8,5.2,2.6,2.0,2.7,2.2,51.7,51.4,36.5,34.5,6.0,7.8,3.4,2.1,29.9,34.4,101.65,101.41,51.0,60.8,5.0,4.0,68.0,75.9,104.8,100.6,5989.0,6099.0,12.9,12.5,41.6,44.2,1.5,1.3
99,65.9,75.6,102.2,105.4,4.5,5.1,4.8,7.7,5.1,8.1,53.9,55.5,36.2,35.3,8.1,7.7,2.2,1.8,29.8,27.4,92.78,97.52,54.0,63.7,2.0,1.0,76.0,78.5,105.0,101.4,7615.0,7887.0,13.3,12.7,43.0,49.0,1.3,2.1
100,57.3,54.900000000000006,94.5,100.5,4.5,4.2,1.1,-0.3,1.4,-0.4,49.8,48.5,33.4,36.4,8.4,7.1,2.3,2.2,32.8,32.1,99.98,100.88,59.6,52.1,4.0,5.0,75.0,72.5,99.1,105.9,7707.0,7816.0,12.6,14.8,40.1,42.6,1.4,1.1
101,61.0,69.5,99.2,101.7,4.9,4.9,3.7,4.7,3.7,4.9,54.0,52.9,34.2,32.8,7.0,7.0,1.8,2.6,30.4,35.5,92.15,94.87,61.2,50.1,4.0,1.0,74.6,76.5,103.2,102.7,7609.0,7749.0,12.8,12.9,43.2,40.0,1.4,1.0
102,50.0,66.7,112.6,118.6,5.3,5.3,1.5,4.5,1.2,4.2,50.1,53.2,37.4,36.5,7.4,7.6,2.3,2.1,26.7,25.4,109.13,107.85,42.8,57.3,7.0,2.0,77.5,80.4,111.8,113.1,7172.0,7280.0,13.2,15.3,41.6,46.9,1.1,1.4
103,80.5,70.7,102.9,103.0,5.4,5.4,7.9,6.4,8.2,6.7,56.4,55.1,35.0,35.3,7.9,8.2,1.6,2.0,37.0,27.6,94.43,96.49,75.6,56.6,1.0,2.0,75.4,79.1,103.2,100.3,7572.0,7892.0,14.7,12.5,48.8,41.8,2.2,1.8
104,73.2,76.8,99.1,95.6,6.0,5.7,6.1,6.8,6.7,7.5,55.1,55.4,36.1,33.9,6.5,7.3,2.2,2.1,35.1,30.3,94.2,101.57,63.0,65.3,4.0,1.0,78.3,70.2,103.2,98.7,7397.0,7382.0,12.8,11.8,41.1,43.2,1.2,1.2
105,65.9,61.0,110.2,98.1,5.1,4.3,4.9,3.3,4.8,3.5,53.6,52.5,35.5,34.3,7.9,5.9,2.4,2.1,32.6,32.6,99.29,93.86,56.3,54.1,3.0,6.0,77.0,79.0,109.1,106.1,7937.0,7339.0,16.1,12.8,48.9,38.5,1.5,1.1
106,62.2,62.2,110.3,106.9,4.0,4.9,3.2,4.2,3.1,4.3,51.0,51.6,36.1,35.4,7.3,6.7,2.1,1.9,30.4,34.2,103.37,100.79,56.0,59.0,2.0,3.0,74.8,79.6,109.7,107.1,8019.0,7867.0,13.7,13.1,45.3,45.7,1.7,1.2
107,59.8,64.60000000000001,98.8,96.0,5.4,5.8,5.0,4.2,5.2,4.8,53.9,53.3,34.9,33.9,7.5,6.4,2.3,2.5,30.4,39.3,105.18,95.28,59.6,57.5,5.0,1.0,73.4,77.4,98.8,102.6,7790.0,7332.0,11.9,13.3,40.1,45.1,1.2,1.6
108,73.2,73.2,103.0,95.8,5.5,6.5,7.8,5.4,8.3,5.8,54.6,54.9,34.0,33.9,6.7,8.1,1.9,2.2,34.2,31.9,97.46,94.98,60.8,54.3,3.0,1.0,82.9,72.5,101.0,98.1,7726.0,7558.0,14.3,14.0,43.8,45.3,1.4,1.3
109,51.2,81.69999999999999,99.1,103.5,4.3,5.9,-2.2,10.6,-2.4,11.1,48.3,57.8,36.5,33.1,7.0,7.2,2.0,1.4,36.6,38.4,98.99,96.4,56.8,64.0,7.0,2.0,78.3,80.3,107.1,98.2,7763.0,7767.0,11.8,10.6,41.0,45.8,1.4,1.6
110,78.0,48.8,96.8,97.8,6.0,3.3,6.7,-1.0,7.6,-1.0,55.7,48.6,32.5,35.4,5.9,7.4,1.9,2.3,40.3,30.6,91.0,96.61,59.8,57.3,1.0,8.0,72.7,73.8,101.7,105.9,7268.0,7646.0,12.6,12.2,42.8,43.3,1.6,1.4
111,51.2,74.4,103.3,110.2,5.1,4.8,-0.1,7.3,-0.2,7.4,49.9,56.1,35.8,36.3,7.9,6.9,3.1,2.2,31.0,31.3,98.62,101.25,48.6,58.0,7.0,2.0,74.7,80.8,107.5,105.5,7898.0,8002.0,14.1,15.3,42.1,44.6,1.6,1.9
112,69.5,70.7,117.7,114.4,6.4,5.3,6.5,6.1,6.5,5.8,54.6,53.3,34.7,34.5,7.7,7.6,2.3,2.6,23.2,33.3,104.8,96.95,54.1,54.2,1.0,2.0,80.1,80.4,108.6,106.8,8390.0,8334.0,13.8,12.9,43.3,43.2,1.6,1.8
113,63.6,69.69999999999999,97.7,98.5,5.4,5.4,3.3,6.0,3.3,6.4,52.1,55.3,35.1,36.3,6.6,8.3,2.2,2.3,45.7,27.3,99.68,96.25,68.5,58.4,3.0,2.0,78.2,77.5,102.1,99.2,6115.0,6154.0,13.0,13.1,39.1,43.7,1.8,1.6
114,50.0,68.30000000000001,92.6,94.7,5.9,5.0,-0.2,4.3,-0.2,4.6,51.0,53.6,33.6,34.2,7.2,8.2,2.7,2.5,34.6,33.7,92.66,94.26,51.5,55.6,8.0,1.0,76.6,74.5,100.5,97.3,7566.0,7619.0,13.3,12.6,37.3,39.4,1.8,1.5
115,81.69999999999999,74.4,115.9,105.3,6.8,5.9,11.6,7.2,11.4,7.4,57.9,55.1,32.4,34.4,8.6,7.5,2.0,1.6,37.5,31.8,98.98,101.82,56.7,68.0,1.0,2.0,78.8,79.7,103.4,102.9,8279.0,7832.0,14.0,12.4,41.7,42.9,1.9,1.6
116,68.30000000000001,61.0,100.6,95.4,6.0,5.1,3.4,4.2,3.5,4.2,53.2,54.4,35.4,36.8,7.5,7.9,2.6,2.2,33.9,32.8,100.92,92.93,58.9,55.0,2.0,7.0,68.3,76.2,103.6,100.5,7710.0,7475.0,13.5,12.6,44.4,46.8,1.3,1.4
117,61.0,74.4,99.2,102.1,4.9,5.2,3.7,6.5,3.7,6.8,54.0,55.2,34.2,34.7,7.0,6.6,1.8,1.5,30.4,34.1,92.15,97.53,61.2,68.4,4.0,1.0,74.6,72.0,103.2,103.8,7609.0,7573.0,12.8,11.7,43.2,45.6,1.4,1.2
118,64.60000000000001,81.69999999999999,103.1,110.0,4.1,6.0,4.5,10.1,4.8,9.9,51.4,56.9,34.3,33.7,7.8,8.3,2.1,1.3,41.9,34.8,95.26,106.84,54.1,65.2,2.0,1.0,75.1,76.8,105.3,100.4,7682.0,8170.0,12.4,14.2,40.8,43.5,1.2,1.5
119,67.10000000000001,74.4,115.3,105.3,4.3,5.9,5.8,7.2,5.7,7.4,51.6,55.1,34.3,34.4,8.5,7.5,2.0,1.6,28.5,31.8,104.74,101.82,47.9,68.0,3.0,2.0,76.6,79.7,108.4,102.9,8289.0,7832.0,13.8,12.4,40.9,42.9,1.1,1.6
120,60.5,80.5,94.7,102.9,6.3,5.4,4.0,7.9,4.4,8.2,53.7,56.4,32.7,35.0,7.5,7.9,1.7,1.6,40.4,37.0,95.73,94.43,60.6,75.6,3.0,1.0,74.6,75.4,99.0,103.2,7420.0,7572.0,12.9,14.7,38.4,48.8,1.3,2.2
121,56.89999999999999,63.9,113.7,120.1,4.8,4.6,2.3,5.9,2.2,5.8,51.1,53.3,34.9,38.4,7.7,7.0,1.8,1.4,22.9,23.0,102.14,106.52,46.6,52.0,5.0,3.0,81.2,76.0,112.1,110.7,7160.0,7423.0,13.2,13.0,47.1,45.5,1.5,1.3
122,70.7,59.8,101.3,96.6,5.8,4.5,7.1,3.0,7.6,3.3,54.9,51.8,31.7,36.3,7.2,7.5,2.5,2.2,31.3,39.1,99.25,96.89,60.2,54.7,3.0,6.0,69.9,76.3,100.4,102.6,7691.0,7482.0,14.6,12.6,42.0,42.4,1.4,1.4
123,64.60000000000001,61.0,113.9,111.7,4.9,5.9,4.8,5.3,4.8,5.0,49.8,53.9,34.0,35.5,7.4,8.5,2.1,2.1,34.0,40.0,98.53,106.97,49.2,53.2,4.0,5.0,79.1,73.6,110.1,105.3,8130.0,8308.0,13.7,11.2,38.7,42.7,0.9,1.1
124,69.69999999999999,71.2,98.5,103.1,5.4,8.2,6.0,6.1,6.4,6.3,55.3,54.2,36.3,34.2,8.3,8.2,2.3,2.8,27.3,29.2,96.25,99.19,58.4,54.5,2.0,2.0,77.5,80.6,99.2,102.1,6154.0,6273.0,13.1,14.7,43.7,39.3,1.6,1.2
125,62.2,62.2,111.8,115.5,5.8,4.0,7.3,3.4,7.4,3.2,54.7,51.6,33.9,35.6,7.5,7.4,2.6,1.7,23.7,34.1,100.89,102.06,45.0,59.5,2.0,3.0,81.6,77.6,106.2,111.1,8068.0,8284.0,12.5,12.9,40.1,47.1,1.6,1.1
126,65.9,59.8,104.3,95.8,6.0,4.1,3.4,1.5,3.4,1.8,52.9,51.5,36.6,35.4,7.9,5.8,2.9,1.9,28.0,31.0,94.65,94.75,48.3,55.2,2.0,7.0,76.0,80.7,105.6,105.8,7848.0,7303.0,14.3,11.7,44.7,47.6,1.5,1.2
127,59.8,75.6,104.8,105.4,4.3,5.1,2.4,7.7,2.3,8.1,52.1,55.5,35.9,35.3,7.7,7.7,1.9,1.8,25.3,27.4,101.92,97.52,59.3,63.7,8.0,1.0,79.5,78.5,107.2,101.4,7852.0,7887.0,13.5,12.7,44.5,49.0,1.5,2.1
128,79.3,58.5,106.9,103.6,5.1,4.6,7.7,2.6,7.9,2.7,54.7,53.5,34.5,36.1,7.7,8.0,1.9,2.4,33.6,30.2,97.85,103.24,63.1,51.3,1.0,8.0,77.0,77.1,103.5,105.8,7874.0,7827.0,13.3,13.6,45.8,44.0,1.1,1.5
129,72.0,50.0,101.0,97.4,5.4,5.1,6.7,0.1,7.1,0.2,54.5,50.3,34.2,36.7,6.9,7.0,2.3,2.1,25.0,32.3,102.64,96.64,66.8,61.3,3.0,6.0,71.5,74.5,101.3,106.1,7649.0,7512.0,12.5,13.3,42.3,46.8,1.1,1.2
130,62.2,70.7,115.2,114.4,5.3,5.3,2.7,6.1,2.6,5.8,52.9,53.3,34.2,34.5,7.7,7.6,1.9,2.6,30.8,33.3,105.19,96.95,57.6,54.2,3.0,2.0,77.1,80.4,109.0,106.8,8467.0,8334.0,12.3,12.9,44.8,43.2,1.5,1.8
131,67.10000000000001,61.0,104.0,110.9,4.5,3.8,3.6,0.9,3.6,1.0,51.9,50.2,33.9,36.8,7.2,7.5,2.0,1.8,24.4,33.3,102.27,101.1,52.1,60.1,2.0,4.0,77.1,77.9,103.2,111.1,7987.0,8114.0,11.2,12.7,48.2,45.3,1.9,1.2
132,52.400000000000006,65.9,96.9,102.2,5.1,4.5,-0.2,4.8,-0.4,5.1,50.8,53.9,36.9,36.2,6.3,8.1,2.3,2.2,29.3,29.8,95.33,92.78,49.3,54.0,7.0,2.0,73.7,76.0,103.3,105.0,7712.0,7615.0,12.6,13.3,36.8,43.0,1.3,1.3
133,58.5,69.5,102.8,104.3,5.9,3.9,3.6,6.0,3.9,6.3,52.8,52.8,33.8,34.7,8.6,7.2,2.2,2.5,28.1,32.3,100.95,99.98,54.1,51.0,4.0,1.0,78.3,74.8,100.8,103.9,8059.0,7764.0,13.1,11.2,40.8,39.7,1.6,1.3
134,70.7,62.2,98.5,101.5,5.1,4.1,8.4,2.9,9.2,3.0,56.9,53.1,33.4,35.5,7.1,7.6,1.8,2.6,36.8,37.0,96.38,97.41,51.1,54.8,3.0,4.0,75.1,74.3,99.4,105.6,7440.0,7661.0,12.4,11.1,42.4,49.1,1.2,2.0
135,61.0,62.2,100.4,98.1,5.7,5.3,2.3,2.1,2.2,2.2,52.0,52.9,38.0,34.7,7.9,7.0,2.5,2.3,37.4,29.8,97.86,100.97,58.6,61.3,5.0,4.0,73.4,77.0,103.4,102.5,7797.0,7681.0,13.8,13.8,45.4,46.1,1.6,1.5
136,78.0,63.4,96.8,99.9,6.0,5.4,6.7,3.9,7.6,4.1,55.7,53.8,32.5,36.1,5.9,6.8,1.9,1.9,40.3,37.4,91.0,95.7,59.8,52.6,1.0,2.0,72.7,70.0,101.7,103.4,7268.0,7622.0,12.6,11.9,42.8,45.3,1.6,1.3
137,69.5,74.4,105.2,104.6,4.8,4.6,4.3,7.6,4.3,8.1,51.7,55.2,35.0,33.7,7.2,7.7,2.5,1.9,34.5,28.2,96.0,99.8,56.8,70.6,4.0,1.0,80.6,75.1,106.0,99.7,7823.0,7951.0,15.1,14.5,45.0,42.8,1.4,1.4
138,65.9,79.3,104.3,106.9,6.0,5.1,3.4,7.7,3.4,7.9,52.9,54.7,36.6,34.5,7.9,7.7,2.9,1.9,28.0,33.6,94.65,97.85,48.3,63.1,2.0,1.0,76.0,77.0,105.6,103.5,7848.0,7874.0,14.3,13.3,44.7,45.8,1.5,1.1
139,62.2,68.30000000000001,100.4,100.9,4.9,3.9,4.5,5.3,4.8,5.6,53.6,52.6,34.9,35.1,6.5,5.7,2.3,2.0,34.6,33.1,103.85,94.42,52.2,54.5,7.0,2.0,81.4,76.9,104.7,104.4,7518.0,7517.0,12.9,11.3,41.2,41.8,1.2,1.4
140,58.5,58.5,103.4,100.0,5.3,6.5,2.7,1.6,2.7,1.7,51.1,52.5,34.9,34.7,6.7,7.5,1.8,2.1,38.2,31.7,99.9,97.98,60.4,63.0,6.0,3.0,79.0,74.4,103.7,103.7,7966.0,7779.0,11.4,13.0,39.4,45.2,1.2,1.7
141,68.30000000000001,70.7,100.6,96.2,6.0,7.0,3.4,7.8,3.5,8.3,53.2,57.3,35.4,32.9,7.5,7.3,2.6,2.2,33.9,28.9,100.92,94.95,58.9,50.0,2.0,1.0,68.3,71.5,103.6,96.6,7710.0,7514.0,13.5,12.0,44.4,40.4,1.3,1.4
142,60.5,65.9,94.7,100.0,6.3,3.6,4.0,4.2,4.4,4.5,53.7,51.2,32.7,35.7,7.5,6.4,1.7,1.8,40.4,35.8,95.73,93.36,60.6,56.6,3.0,2.0,74.6,75.9,99.0,105.4,7420.0,7462.0,12.9,12.4,38.4,38.0,1.3,0.9
143,79.3,57.3,112.4,109.5,4.8,4.2,8.5,2.2,8.4,2.3,53.1,51.8,35.1,36.6,7.4,6.5,1.7,2.3,32.2,36.5,100.72,94.12,66.2,46.5,1.0,8.0,78.1,80.4,105.7,110.2,8078.0,7985.0,11.9,13.0,45.3,42.8,1.0,1.4
144,60.3,76.7,112.0,118.7,4.5,5.9,2.9,10.1,2.7,9.4,52.5,56.2,34.7,35.5,7.5,7.4,2.1,1.9,30.1,38.1,99.18,112.01,43.1,64.8,5.0,1.0,78.3,74.2,109.3,102.5,7306.0,7739.0,12.8,11.3,37.7,42.3,1.7,1.4
145,73.2,60.3,113.4,112.0,6.6,4.5,5.8,2.9,5.6,2.7,53.9,52.5,34.9,34.7,8.2,7.5,2.1,2.1,29.9,30.1,101.39,99.18,55.7,43.1,1.0,5.0,72.9,78.3,106.1,109.3,7211.0,7306.0,12.0,12.8,41.0,37.7,1.5,1.7
146,58.5,58.5,102.8,105.7,5.9,4.2,3.6,3.2,3.9,3.3,52.8,52.0,33.8,33.6,8.6,7.6,2.2,2.5,28.1,29.4,100.95,109.77,54.1,50.6,4.0,5.0,78.3,78.8,100.8,102.5,8059.0,8191.0,13.1,14.2,40.8,44.6,1.6,1.6
147,64.60000000000001,65.9,98.4,99.4,4.3,4.9,4.0,5.3,4.2,6.0,53.0,53.1,35.7,37.4,7.2,6.3,1.8,2.3,33.1,36.2,93.85,93.92,47.4,48.6,5.0,4.0,80.5,76.5,102.9,106.1,7532.0,7273.0,11.7,12.1,36.3,39.8,1.0,1.0
148,64.60000000000001,62.2,110.0,109.9,3.2,5.3,4.5,2.6,4.5,2.8,52.9,51.7,33.9,34.6,7.4,6.6,1.9,2.1,27.4,27.9,96.3,97.46,51.3,52.8,1.0,4.0,80.8,82.1,108.4,110.2,7987.0,7975.0,12.6,13.0,40.6,43.9,1.1,1.5
149,51.2,70.7,107.3,114.4,5.4,5.3,0.7,6.1,0.6,5.8,50.8,53.3,34.7,34.5,7.0,7.6,1.7,2.6,31.6,33.3,102.77,96.95,50.1,54.2,7.0,2.0,78.2,80.4,107.6,106.8,8133.0,8334.0,10.9,12.9,41.0,43.2,1.5,1.8
150,63.4,62.2,97.0,101.5,4.1,4.1,4.9,2.9,4.9,3.0,52.9,53.1,35.1,35.5,7.0,7.6,2.0,2.6,29.9,37.0,103.36,97.41,47.3,54.8,5.0,4.0,75.3,74.3,99.7,105.6,7598.0,7661.0,11.6,11.1,39.9,49.1,1.3,2.0
151,59.8,56.10000000000001,104.0,98.5,4.4,4.6,3.1,0.7,3.1,0.6,50.6,52.5,34.6,34.9,6.9,8.0,2.4,2.4,38.1,29.4,96.07,98.01,48.6,40.6,4.0,5.0,78.7,74.2,107.1,102.4,7736.0,7844.0,14.1,12.6,40.8,39.0,1.3,1.4
152,70.7,70.7,101.3,96.7,5.8,6.5,7.1,6.2,7.6,6.9,54.9,55.4,31.7,33.8,7.2,7.7,2.5,2.3,31.3,24.7,99.25,96.87,60.2,46.9,3.0,2.0,69.9,74.2,100.4,98.5,7691.0,7528.0,14.6,13.9,42.0,35.9,1.4,1.1
153,57.3,65.9,97.2,108.4,6.1,5.0,1.6,5.5,1.6,5.4,52.3,54.7,34.7,36.3,7.0,7.2,2.2,2.6,26.4,31.8,95.22,93.87,65.3,54.7,6.0,2.0,79.1,80.6,102.2,104.7,7675.0,8067.0,12.5,14.6,48.7,44.4,1.7,1.7
154,65.9,53.7,93.3,93.0,6.1,4.4,3.9,0.8,4.3,1.0,54.2,50.4,33.8,36.5,7.4,6.7,2.7,2.8,35.5,34.4,93.06,96.72,57.2,58.5,2.0,6.0,73.9,79.2,99.6,102.7,7364.0,7351.0,12.1,12.5,37.9,41.0,1.5,1.5
155,66.7,73.6,113.7,112.8,5.6,5.0,6.3,6.2,6.3,6.1,53.1,53.0,34.0,33.7,7.1,7.2,2.2,1.9,35.6,29.3,106.3,103.5,54.5,64.6,3.0,2.0,80.1,79.6,106.5,104.7,7255.0,7328.0,13.2,13.5,43.8,48.1,1.7,1.5
156,53.7,63.4,93.9,96.2,5.6,6.0,1.0,4.2,1.2,4.3,51.3,53.7,37.5,34.8,7.6,8.2,2.2,2.8,35.0,37.1,91.33,96.74,52.9,49.4,4.0,1.0,74.5,73.5,101.8,98.1,7480.0,7707.0,14.3,13.0,39.1,38.2,1.4,1.5
157,53.7,75.6,95.0,98.6,4.2,5.7,-0.8,7.3,-0.7,7.8,49.3,55.5,33.8,32.6,6.7,6.9,2.0,2.2,36.3,37.4,98.48,99.28,57.7,64.7,5.0,1.0,77.9,74.3,105.8,99.5,7410.0,7542.0,12.8,11.9,43.3,44.4,1.3,1.5
158,61.0,50.0,96.8,97.6,4.3,3.3,3.8,-0.8,3.8,-0.9,52.0,49.9,32.9,35.7,6.6,7.1,2.9,2.6,36.2,29.2,97.14,104.94,55.3,44.9,2.0,6.0,69.6,72.7,100.6,105.1,7598.0,7682.0,12.3,12.5,42.7,44.0,1.8,1.6
159,57.3,58.5,93.9,96.8,4.8,3.5,2.1,2.3,2.4,2.6,51.7,51.6,33.8,35.4,7.9,7.8,2.8,2.5,38.1,34.3,95.16,97.69,57.9,51.4,5.0,4.0,76.8,77.5,100.0,100.6,7522.0,7694.0,13.2,12.3,38.1,40.9,1.5,1.5
160,62.2,53.7,111.8,112.9,5.8,5.5,7.3,0.8,7.4,0.9,54.7,51.2,33.9,34.5,7.5,7.9,2.6,2.0,23.7,33.1,100.89,98.95,45.0,55.4,2.0,7.0,81.6,80.5,106.2,112.3,8068.0,8177.0,12.5,13.7,40.1,41.9,1.6,1.6
161,65.3,58.3,115.1,116.1,4.5,5.0,4.9,1.8,4.8,1.8,52.5,49.3,36.3,37.2,7.5,6.1,2.2,1.9,26.9,33.8,100.11,105.77,56.6,63.6,3.0,6.0,80.3,82.3,111.5,115.3,7123.0,7137.0,11.3,13.8,50.2,47.2,2.0,1.8
162,79.3,58.5,112.4,104.1,4.8,5.1,8.5,4.3,8.4,4.4,53.1,53.2,35.1,36.5,7.4,8.3,1.7,2.0,32.2,28.2,100.72,106.39,66.2,55.8,1.0,5.0,78.1,77.9,105.7,103.0,8078.0,7951.0,11.9,10.8,45.3,43.5,1.0,1.5
163,65.3,72.2,114.0,116.4,4.1,5.2,6.2,9.3,6.1,9.0,53.0,54.2,35.6,34.1,7.1,7.7,2.1,1.6,32.6,33.3,107.69,103.49,45.6,57.9,4.0,1.0,83.9,79.9,110.6,107.5,7036.0,7193.0,11.8,12.4,42.5,44.4,0.9,1.3
164,72.0,63.4,97.5,104.5,5.8,4.1,7.4,5.5,8.3,5.6,55.2,52.9,33.2,35.8,5.8,7.1,2.0,2.3,37.7,30.9,93.4,99.59,56.2,52.4,2.0,3.0,76.7,72.1,101.5,104.9,7279.0,7757.0,11.4,12.7,41.3,41.9,1.3,1.3
165,59.8,63.4,96.4,96.2,3.6,6.0,2.2,4.2,2.2,4.3,50.0,53.7,34.0,34.8,7.6,8.2,2.4,2.8,32.2,37.1,97.33,96.74,62.0,49.4,3.0,1.0,76.4,73.5,99.9,98.1,7738.0,7707.0,13.6,13.0,40.2,38.2,1.5,1.5
166,79.3,72.0,106.9,101.0,5.1,5.4,7.7,6.7,7.9,7.1,54.7,54.5,34.5,34.2,7.7,6.9,1.9,2.3,33.6,25.0,97.85,102.64,63.1,66.8,1.0,3.0,77.0,71.5,103.5,101.3,7874.0,7649.0,13.3,12.5,45.8,42.3,1.1,1.1
167,67.10000000000001,62.2,98.3,102.8,4.2,4.5,3.2,4.2,3.5,4.3,53.0,52.2,35.1,33.8,7.4,8.0,2.2,2.0,33.5,35.6,94.41,100.03,61.9,57.3,5.0,4.0,77.3,80.1,101.2,102.8,7696.0,7868.0,11.6,13.8,45.5,41.8,1.8,1.3
168,64.60000000000001,79.3,98.4,106.9,4.3,5.1,4.0,7.7,4.2,7.9,53.0,54.7,35.7,34.5,7.2,7.7,1.8,1.9,33.1,33.6,93.85,97.85,47.4,63.1,5.0,1.0,80.5,77.0,102.9,103.5,7532.0,7874.0,11.7,13.3,36.3,45.8,1.0,1.1
169,58.5,68.30000000000001,100.0,102.7,6.5,5.5,1.6,4.5,1.7,4.4,52.5,52.5,34.7,37.3,7.5,6.5,2.1,2.4,31.7,33.3,97.98,103.97,63.0,56.2,3.0,2.0,74.4,77.7,103.7,104.8,7779.0,7707.0,13.0,11.6,45.2,42.0,1.7,0.9
170,80.5,54.900000000000006,100.5,96.4,4.6,5.2,10.3,-0.4,10.8,-0.6,58.1,49.0,31.6,35.7,7.2,6.8,2.0,2.3,32.5,38.0,96.28,97.19,51.1,68.4,1.0,4.0,77.1,71.7,98.1,105.4,7575.0,7540.0,12.5,11.3,39.1,44.5,1.2,1.6
171,59.8,73.2,95.4,95.8,4.6,6.5,5.2,5.4,5.4,5.8,54.4,54.9,35.9,33.9,8.5,8.1,2.5,2.2,33.1,31.9,96.97,94.98,37.0,54.3,2.0,1.0,75.7,72.5,96.6,98.1,7661.0,7558.0,12.3,14.0,32.2,45.3,1.1,1.3
172,61.0,65.9,101.7,97.0,5.2,4.0,2.0,3.8,2.0,4.2,52.2,52.3,37.5,37.9,7.2,6.5,1.8,2.3,32.0,27.7,97.8,95.27,62.4,57.6,6.0,3.0,81.9,76.1,107.0,103.4,7651.0,7395.0,13.0,10.8,45.1,46.3,1.4,1.7
173,68.30000000000001,57.3,94.7,97.6,5.0,6.3,4.3,2.3,4.6,2.3,53.6,52.2,34.2,36.3,8.2,6.8,2.5,2.6,33.7,34.2,94.26,93.3,55.6,57.2,1.0,5.0,74.5,74.7,97.3,102.0,7619.0,7671.0,12.6,13.6,39.4,37.7,1.5,1.4
174,51.2,62.2,106.5,101.5,5.7,4.1,-0.3,2.9,-0.3,3.0,48.9,53.1,36.6,35.5,8.3,7.6,2.1,2.6,40.6,37.0,100.6,97.41,41.6,54.8,8.0,4.0,71.7,74.3,106.5,105.6,8228.0,7661.0,16.0,11.1,39.8,49.1,1.2,2.0
175,68.30000000000001,68.30000000000001,100.9,95.4,3.9,4.1,5.3,4.8,5.6,5.3,52.6,53.3,35.1,34.2,5.7,6.9,2.0,2.2,33.1,22.8,94.42,94.82,54.5,61.4,2.0,3.0,76.9,76.1,104.4,100.7,7517.0,7377.0,11.3,10.5,41.8,50.0,1.4,1.8
176,54.900000000000006,73.2,106.0,105.7,4.4,7.6,3.5,9.2,3.5,9.9,51.0,57.0,36.8,34.6,8.5,8.2,2.1,2.1,30.3,31.0,96.87,98.89,49.9,58.4,8.0,1.0,75.4,82.8,105.3,101.2,7988.0,7808.0,12.6,13.6,39.8,39.8,1.0,1.0
177,61.0,64.60000000000001,96.8,96.0,4.3,5.8,3.8,4.2,3.8,4.8,52.0,53.3,32.9,33.9,6.6,6.4,2.9,2.5,36.2,39.3,97.14,95.28,55.3,57.5,2.0,1.0,69.6,77.4,100.6,102.6,7598.0,7332.0,12.3,13.3,42.7,45.1,1.8,1.6
178,68.30000000000001,68.30000000000001,101.1,93.4,5.6,5.3,6.5,4.1,6.9,4.5,54.8,53.1,37.3,33.8,7.4,7.3,2.5,2.1,35.4,41.5,98.42,92.25,50.8,59.4,4.0,5.0,71.1,77.3,102.8,99.1,7552.0,7394.0,13.0,11.9,47.4,38.7,1.4,1.1
179,65.3,70.8,115.1,115.3,4.5,4.3,4.9,5.8,4.8,5.9,52.5,53.4,36.3,35.4,7.5,6.9,2.2,2.4,26.9,32.4,100.11,98.61,56.6,50.3,3.0,2.0,80.3,83.4,111.5,110.4,7123.0,7137.0,11.3,12.4,50.2,42.0,2.0,1.5
180,63.4,68.30000000000001,100.7,94.7,4.7,5.0,3.9,4.3,4.2,4.6,51.9,53.6,35.2,34.2,7.2,8.2,2.1,2.5,37.4,33.7,99.53,94.26,57.9,55.6,2.0,1.0,78.7,74.5,102.6,97.3,7733.0,7619.0,14.5,12.6,46.9,39.4,1.1,1.5
181,59.1,69.69999999999999,91.8,98.5,5.5,5.4,2.5,6.0,2.6,6.4,53.5,55.3,30.8,36.3,7.8,8.3,1.9,2.3,32.2,27.3,96.2,96.25,54.1,58.4,4.0,2.0,77.8,77.5,97.5,99.2,6055.0,6154.0,13.5,13.1,43.1,43.7,1.6,1.6
182,81.69999999999999,62.2,115.9,100.7,6.8,5.0,11.6,3.9,11.4,4.3,57.9,53.4,32.4,35.8,8.6,7.3,2.0,1.6,37.5,29.6,98.98,97.15,56.7,62.8,1.0,5.0,78.8,74.7,103.4,104.7,8279.0,7579.0,14.0,10.7,41.7,48.9,1.9,1.5
183,62.2,51.2,110.3,105.1,4.0,5.0,3.2,-0.2,3.1,-0.2,51.0,50.5,36.1,35.5,7.3,8.1,2.1,2.1,30.4,24.8,103.37,96.61,56.0,47.9,2.0,7.0,74.8,81.0,109.7,108.1,8019.0,7989.0,13.7,12.9,45.3,41.4,1.7,1.3
184,68.30000000000001,51.2,96.5,106.5,4.2,5.8,5.4,0.8,5.7,1.0,55.8,50.4,34.0,37.2,7.0,7.1,2.0,2.0,31.3,29.2,94.89,101.38,57.0,48.6,3.0,6.0,77.0,80.9,99.8,109.0,7500.0,7945.0,12.5,14.5,41.2,41.5,1.7,1.3
185,61.6,60.3,109.4,112.0,5.2,4.5,2.0,2.9,1.9,2.7,52.0,52.5,34.1,34.7,6.9,7.5,2.3,2.1,32.2,30.1,96.78,99.18,58.9,43.1,4.0,5.0,78.7,78.3,107.5,109.3,7299.0,7306.0,13.2,12.8,44.2,37.7,1.5,1.7
186,73.2,64.60000000000001,102.5,103.1,4.6,4.1,5.4,4.5,5.9,4.8,54.0,51.4,34.1,34.3,7.4,7.8,1.5,2.1,20.5,41.9,103.61,95.26,70.7,54.1,1.0,2.0,77.8,75.1,102.3,105.3,7775.0,7682.0,14.2,12.4,48.2,40.8,1.6,1.2
187,69.5,70.7,100.2,102.1,4.3,5.2,4.2,7.5,4.4,7.8,53.8,55.6,34.3,34.5,7.6,7.0,1.7,2.0,35.1,26.7,98.86,101.62,73.1,58.3,3.0,2.0,77.7,76.9,104.1,102.9,7581.0,7564.0,12.6,12.8,48.1,41.6,1.3,0.8
188,43.9,78.0,109.3,114.8,4.0,4.4,-1.0,7.5,-0.8,7.5,50.0,54.8,36.5,34.0,7.4,7.5,1.9,1.9,30.6,32.0,99.56,104.65,46.9,74.2,8.0,1.0,78.9,79.7,112.0,106.8,8060.0,8242.0,12.6,13.6,44.6,57.8,1.5,1.9
189,52.8,72.2,113.3,116.4,5.1,5.2,1.0,9.3,1.2,9.0,51.1,54.2,36.7,34.1,7.7,7.7,1.6,1.6,31.1,33.3,104.55,103.49,47.7,57.9,8.0,1.0,77.1,79.9,110.5,107.5,7302.0,7193.0,12.4,12.4,42.7,44.4,1.5,1.3
190,54.50000000000001,71.2,95.8,103.1,5.1,8.2,1.0,6.1,1.1,6.3,51.0,54.2,34.6,34.2,8.5,8.2,2.4,2.8,31.4,29.2,94.03,99.19,51.9,54.5,7.0,2.0,77.1,80.6,100.9,102.1,6195.0,6273.0,12.3,14.7,40.2,39.3,1.6,1.2
191,53.7,63.4,95.0,99.2,4.2,4.7,-0.8,5.5,-0.7,5.6,49.3,53.4,33.8,35.0,6.7,7.4,2.0,2.7,36.3,39.2,98.48,97.29,57.7,48.7,5.0,4.0,77.9,69.2,105.8,101.8,7410.0,7575.0,12.8,11.5,43.3,45.0,1.3,1.2
192,59.8,72.0,99.5,96.2,6.0,6.6,2.0,7.8,2.2,8.3,53.1,56.5,34.5,36.7,7.8,7.2,2.4,2.9,32.9,38.9,98.97,97.24,61.1,49.2,7.0,2.0,76.3,72.4,102.6,97.8,7792.0,7435.0,14.0,12.3,44.4,42.1,1.7,1.4
193,69.5,67.10000000000001,100.2,104.8,4.3,5.9,4.2,3.8,4.4,3.9,53.8,52.9,34.3,36.1,7.6,7.2,1.7,2.7,35.1,32.3,98.86,98.06,73.1,65.2,3.0,4.0,77.7,82.3,104.1,105.9,7581.0,7824.0,12.6,14.4,48.1,41.3,1.3,1.4
194,61.0,51.2,91.4,98.5,5.7,3.7,3.7,0.1,4.2,0.0,52.5,48.2,34.4,33.4,6.9,7.8,2.8,2.3,32.3,30.5,93.45,98.98,57.4,50.1,1.0,8.0,77.1,77.7,98.2,103.7,7318.0,7788.0,11.7,14.0,38.1,38.9,1.2,1.3
195,52.400000000000006,74.4,100.5,105.3,4.2,5.9,0.5,7.2,0.5,7.4,50.1,55.1,35.4,34.4,7.0,7.5,2.3,1.6,34.0,31.8,96.55,101.82,55.2,68.0,7.0,2.0,78.4,79.7,106.5,102.9,7702.0,7832.0,11.5,12.4,42.1,42.9,1.6,1.6
196,52.400000000000006,59.8,103.2,109.2,4.8,4.1,-0.9,1.8,-0.7,1.7,50.6,51.1,35.7,36.4,9.0,7.4,1.8,1.9,30.0,34.0,103.82,100.8,60.1,62.3,5.0,4.0,72.8,78.4,105.2,108.8,8091.0,8109.0,13.2,13.8,45.2,46.9,1.8,1.4
197,53.7,73.2,95.5,95.8,4.9,6.5,1.1,5.4,1.3,5.8,49.8,54.9,32.0,33.9,7.8,8.1,2.2,2.2,38.5,31.9,96.47,94.98,66.3,54.3,8.0,1.0,74.2,72.5,101.3,98.1,7637.0,7558.0,15.2,14.0,41.9,45.3,0.9,1.3
198,61.0,58.5,91.4,96.8,5.7,3.5,3.7,2.3,4.2,2.6,52.5,51.6,34.4,35.4,6.9,7.8,2.8,2.5,32.3,34.3,93.45,97.69,57.4,51.4,1.0,4.0,77.1,77.5,98.2,100.6,7318.0,7694.0,11.7,12.3,38.1,40.9,1.2,1.5
199,61.0,57.3,99.2,96.5,4.9,5.6,3.7,2.3,3.7,2.4,54.0,52.2,34.2,34.2,7.0,6.3,1.8,2.8,30.4,38.5,92.15,95.17,61.2,53.1,4.0,5.0,74.6,75.2,103.2,103.4,7609.0,7485.0,12.8,12.6,43.2,41.5,1.4,1.6
200,69.5,53.7,104.3,102.0,3.9,3.7,6.0,0.6,6.3,0.3,52.8,48.6,34.7,35.5,7.2,7.1,2.5,2.2,32.3,33.5,99.98,100.51,51.0,59.0,1.0,8.0,74.8,66.8,103.9,104.9,7764.0,7942.0,11.2,10.7,39.7,42.4,1.3,1.0
201,59.8,73.2,112.4,118.1,5.3,5.9,4.4,8.9,4.3,8.6,53.0,55.3,34.4,36.1,6.8,6.8,1.9,2.0,27.5,35.4,104.24,104.23,54.8,53.0,4.0,1.0,80.2,77.3,107.0,104.9,8282.0,8533.0,13.5,12.1,50.0,46.8,1.5,1.8
202,69.5,64.60000000000001,117.7,114.7,6.4,5.0,6.5,4.2,6.5,4.2,54.6,52.1,34.7,35.9,7.7,7.4,2.3,2.1,23.2,40.3,104.8,105.69,54.1,55.8,1.0,3.0,80.1,81.4,108.6,109.5,8390.0,8269.0,13.8,13.7,43.3,42.3,1.6,1.4
203,63.0,73.2,111.3,113.4,4.6,6.6,2.1,5.8,2.2,5.6,51.7,53.9,35.8,34.9,7.2,8.2,1.8,2.1,35.8,29.9,98.43,101.39,59.4,55.7,3.0,1.0,77.7,72.9,110.4,106.1,7217.0,7211.0,12.2,12.0,46.0,41.0,1.8,1.5
204,64.60000000000001,70.7,100.5,96.2,6.0,7.0,4.3,7.8,4.4,8.3,52.3,57.3,33.4,32.9,7.6,7.3,2.7,2.2,26.7,28.9,103.4,94.95,48.1,50.0,5.0,1.0,79.4,71.5,101.2,96.6,7803.0,7514.0,14.2,12.0,38.4,40.4,1.1,1.4
205,68.30000000000001,70.7,93.4,103.0,5.3,5.4,4.1,6.4,4.5,6.7,53.1,55.1,33.8,35.3,7.3,8.2,2.1,2.0,41.5,27.6,92.25,96.49,59.4,56.6,5.0,2.0,77.3,79.1,99.1,100.3,7394.0,7892.0,11.9,12.5,38.7,41.8,1.1,1.8
206,69.5,58.5,117.7,115.1,6.4,4.7,6.5,0.9,6.5,1.0,54.6,50.5,34.7,34.3,7.7,8.3,2.3,1.6,23.2,29.3,104.8,104.33,54.1,63.8,1.0,8.0,80.1,79.2,108.6,110.4,8390.0,8475.0,13.8,13.8,43.3,47.8,1.6,1.4
207,69.5,65.9,101.7,110.2,4.9,5.1,4.7,4.9,4.9,4.8,52.9,53.6,32.8,35.5,7.0,7.9,2.6,2.4,35.5,32.6,94.87,99.29,50.1,56.3,1.0,3.0,76.5,77.0,102.7,109.1,7749.0,7937.0,12.9,16.1,40.0,48.9,1.0,1.5
208,64.60000000000001,64.60000000000001,100.5,97.1,6.0,5.6,4.3,4.7,4.4,5.2,52.3,54.8,33.4,34.3,7.6,8.5,2.7,2.2,26.7,42.3,103.4,98.08,48.1,72.7,5.0,4.0,79.4,75.2,101.2,100.9,7803.0,7503.0,14.2,12.5,38.4,50.4,1.1,1.8
209,63.0,68.10000000000001,111.3,116.3,4.6,4.7,2.1,6.4,2.2,6.3,51.7,53.2,35.8,34.5,7.2,7.5,1.8,2.3,35.8,35.2,98.43,101.58,59.4,53.3,3.0,2.0,77.7,79.1,110.4,106.9,7217.0,7396.0,12.2,12.4,46.0,47.9,1.8,1.7
210,53.7,60.5,98.0,94.7,4.5,6.3,0.4,4.0,0.3,4.4,50.9,53.7,37.9,32.7,8.4,7.5,2.0,1.7,33.3,40.4,100.06,95.73,60.1,60.6,6.0,3.0,71.5,74.6,103.4,99.0,7744.0,7420.0,13.2,12.9,43.1,38.4,1.7,1.3
211,75.8,54.50000000000001,103.7,99.7,4.4,5.8,7.2,0.6,7.7,0.5,54.6,50.9,35.3,34.0,7.4,7.5,1.7,2.6,29.2,33.9,96.36,95.8,64.0,51.6,1.0,8.0,74.8,75.4,102.3,104.9,6220.0,6236.0,11.1,12.2,45.5,41.1,1.5,1.8
212,67.10000000000001,81.69999999999999,110.2,103.5,5.9,5.9,7.3,10.6,7.4,11.1,54.6,57.8,34.2,33.1,8.8,7.2,2.4,1.4,36.3,38.4,104.37,96.4,46.3,64.0,3.0,2.0,78.2,80.3,104.8,98.2,8061.0,7767.0,13.9,10.6,40.9,45.8,1.2,1.6
213,70.7,54.900000000000006,96.7,97.7,6.5,4.4,6.2,3.0,6.9,3.3,55.4,52.2,33.8,34.4,7.7,6.9,2.3,2.4,24.7,35.3,96.87,91.02,46.9,46.9,2.0,7.0,74.2,75.5,98.5,104.1,7528.0,7468.0,13.9,14.7,35.9,39.4,1.1,1.3
214,57.3,47.6,90.3,92.0,3.9,4.8,2.5,-1.5,2.6,-1.6,53.3,48.8,35.0,33.8,8.0,8.2,2.4,3.0,29.1,31.4,103.63,96.63,55.5,61.8,2.0,7.0,75.3,79.3,96.4,101.3,7475.0,7563.0,11.4,12.6,39.3,41.6,1.5,1.5
215,75.6,50.0,100.9,102.2,4.7,5.5,7.5,-0.3,7.9,-0.3,56.2,49.9,34.9,34.7,7.1,7.6,2.4,2.4,31.5,36.7,92.18,97.8,62.7,50.3,2.0,7.0,76.5,79.6,101.6,107.5,7560.0,7816.0,11.0,15.4,48.9,40.5,1.8,1.2
216,63.4,64.60000000000001,108.0,111.0,4.0,4.5,3.3,5.5,3.5,5.5,51.1,53.6,34.0,33.9,7.0,7.9,1.7,2.0,33.1,30.4,91.93,98.47,45.8,52.3,4.0,3.0,77.1,76.9,109.1,106.6,7871.0,8121.0,13.1,12.7,44.9,42.1,1.3,1.5
217,54.900000000000006,80.5,93.2,102.9,5.1,5.4,0.3,7.9,0.5,8.2,51.4,56.4,34.6,35.0,7.3,7.9,1.9,1.6,41.4,37.0,96.15,94.43,59.8,75.6,5.0,1.0,77.3,75.4,101.9,103.2,7460.0,7572.0,12.7,14.7,39.6,48.8,1.5,2.2
218,61.0,68.30000000000001,105.2,103.9,4.5,5.0,2.9,3.4,3.2,3.4,52.1,50.9,36.4,32.2,7.3,8.9,2.4,2.4,35.2,25.7,102.14,101.1,63.8,49.0,7.0,2.0,75.2,71.5,104.9,102.6,7976.0,8037.0,14.0,14.0,47.8,40.5,1.8,1.0
219,56.89999999999999,68.10000000000001,113.7,113.6,4.8,6.2,2.3,5.6,2.2,5.5,51.1,53.6,34.9,36.0,7.7,7.2,1.8,2.0,22.9,38.5,102.14,101.78,46.6,63.8,5.0,1.0,81.2,76.7,112.1,107.0,7160.0,7272.0,13.2,11.6,47.1,44.3,1.5,1.4
220,64.60000000000001,50.0,108.0,102.9,4.1,4.8,2.6,0.4,2.6,0.3,51.4,50.4,33.2,34.5,7.6,7.3,2.2,2.0,36.1,32.6,103.74,98.09,60.9,55.1,1.0,8.0,80.7,79.8,108.0,106.2,8005.0,7919.0,13.9,11.9,45.3,38.5,1.5,1.2
221,81.69999999999999,67.10000000000001,110.0,98.3,6.0,4.2,10.1,3.2,9.9,3.5,56.9,53.0,33.7,35.1,8.3,7.4,1.3,2.2,34.8,33.5,106.84,94.41,65.2,61.9,1.0,5.0,76.8,77.3,100.4,101.2,8170.0,7696.0,14.2,11.6,43.5,45.5,1.5,1.8
222,80.5,72.0,100.3,101.0,5.3,5.4,8.9,6.7,9.6,7.1,55.9,54.5,33.3,34.2,6.3,6.9,2.3,2.3,30.5,25.0,96.68,102.64,74.3,66.8,1.0,3.0,75.7,71.5,101.6,101.3,7395.0,7649.0,12.0,12.5,53.7,42.3,1.7,1.1
223,74.4,53.7,104.6,96.0,4.6,6.4,7.6,0.9,8.1,0.9,55.2,53.0,33.7,38.3,7.7,9.1,1.9,2.8,28.2,40.4,99.8,94.68,70.6,47.6,1.0,8.0,75.1,76.3,99.7,102.9,7951.0,7582.0,14.5,12.8,42.8,39.5,1.4,1.6
224,73.2,47.3,113.4,115.0,6.6,6.1,5.8,-1.1,5.6,-1.1,53.9,48.6,34.9,38.3,8.2,6.8,2.1,1.6,29.9,25.0,101.39,103.57,55.7,54.9,1.0,8.0,72.9,80.4,106.1,114.3,7211.0,7519.0,12.0,15.5,41.0,47.2,1.5,1.4
225,65.9,65.9,107.7,106.7,5.6,4.7,4.6,4.0,4.6,4.2,53.4,52.4,35.3,35.5,8.6,7.8,2.2,1.8,41.9,37.3,99.7,102.76,66.8,61.0,4.0,5.0,71.2,81.5,105.2,106.2,8040.0,7930.0,14.6,14.0,43.8,41.1,1.3,1.6
226,53.7,58.5,92.7,96.8,3.7,5.4,-0.4,3.5,-0.6,3.5,48.0,53.8,33.1,34.0,7.5,7.6,2.1,2.5,29.3,29.2,91.97,93.95,52.5,47.4,6.0,3.0,74.2,76.6,100.5,99.6,7602.0,7696.0,13.5,13.7,36.2,37.5,1.2,1.6
227,81.69999999999999,50.0,115.9,107.9,6.8,5.0,11.6,-0.5,11.4,-0.6,57.9,49.3,32.4,37.0,8.6,7.7,2.0,2.3,37.5,32.8,98.98,102.49,56.7,54.3,1.0,8.0,78.8,78.0,103.4,110.0,8279.0,8088.0,14.0,12.6,41.7,43.0,1.9,1.4
228,70.7,75.6,102.5,110.4,5.6,5.5,5.7,7.1,5.9,7.0,53.7,54.6,33.0,33.5,7.1,7.6,1.8,1.4,29.7,28.7,104.98,101.43,65.5,59.0,4.0,1.0,78.9,74.8,102.6,105.7,7749.0,8034.0,14.6,17.4,43.1,46.2,0.9,1.5
229,67.10000000000001,57.3,115.3,106.6,4.3,5.0,5.8,0.8,5.7,0.8,51.6,49.9,34.3,35.6,8.5,8.5,2.0,2.1,28.5,37.0,104.74,105.66,47.9,61.5,3.0,6.0,76.6,74.5,108.4,107.1,8289.0,8099.0,13.8,12.2,40.9,44.2,1.1,1.0
230,61.0,67.10000000000001,107.5,104.8,4.3,5.9,4.8,3.8,4.9,3.9,52.4,52.9,34.4,36.1,7.5,7.2,2.0,2.7,31.1,32.3,100.43,98.06,55.0,65.2,5.0,4.0,76.5,82.3,106.8,105.9,7888.0,7824.0,13.2,14.4,45.8,41.3,1.2,1.4
231,64.60000000000001,62.2,108.0,110.3,4.1,4.0,2.6,3.2,2.6,3.1,51.4,51.0,33.2,36.1,7.6,7.3,2.2,2.1,36.1,30.4,103.74,103.37,60.9,56.0,1.0,2.0,80.7,74.8,108.0,109.7,8005.0,8019.0,13.9,13.7,45.3,45.3,1.5,1.7
232,68.30000000000001,73.2,93.4,105.7,5.3,7.6,4.1,9.2,4.5,9.9,53.1,57.0,33.8,34.6,7.3,8.2,2.1,2.1,41.5,31.0,92.25,98.89,59.4,58.4,5.0,1.0,77.3,82.8,99.1,101.2,7394.0,7808.0,11.9,13.6,38.7,39.8,1.1,1.0
233,69.5,58.5,100.2,96.3,4.3,4.4,4.2,1.5,4.4,1.6,53.8,51.6,34.3,36.7,7.6,6.9,1.7,1.8,35.1,37.8,98.86,96.54,73.1,63.3,3.0,6.0,77.7,80.4,104.1,105.7,7581.0,7359.0,12.6,13.3,48.1,40.6,1.3,1.4
234,51.2,67.10000000000001,102.3,110.2,3.7,5.9,-0.3,7.3,-0.4,7.4,50.3,54.6,34.2,34.2,7.5,8.8,2.1,2.4,20.5,36.3,96.48,104.37,59.2,46.3,6.0,3.0,79.4,78.2,105.9,104.8,7950.0,8061.0,13.4,13.9,45.2,40.9,1.9,1.2
235,61.0,64.60000000000001,100.8,103.1,5.8,4.1,3.0,4.5,3.0,4.8,52.9,51.4,33.5,34.3,7.5,7.8,2.0,2.1,33.7,41.9,101.25,95.26,58.4,54.1,3.0,2.0,78.3,75.1,103.3,105.3,7775.0,7682.0,13.2,12.4,41.1,40.8,1.5,1.2
236,53.7,59.8,92.7,95.4,3.7,4.6,-0.4,5.2,-0.6,5.4,48.0,54.4,33.1,35.9,7.5,8.5,2.1,2.5,29.3,33.1,91.97,96.97,52.5,37.0,6.0,2.0,74.2,75.7,100.5,96.6,7602.0,7661.0,13.5,12.3,36.2,32.2,1.2,1.1
237,57.3,80.5,98.1,100.3,4.6,5.3,1.6,8.9,1.7,9.6,50.7,55.9,35.3,33.3,6.5,6.3,1.7,2.3,31.8,30.5,99.34,96.68,56.6,74.3,4.0,1.0,73.7,75.7,106.7,101.6,7428.0,7395.0,13.3,12.0,44.1,53.7,1.2,1.7
238,54.900000000000006,68.30000000000001,102.2,102.7,4.8,5.5,1.7,4.5,1.6,4.4,51.8,52.5,33.4,37.3,7.7,6.5,2.2,2.4,31.8,33.3,99.79,103.97,49.4,56.2,7.0,2.0,76.4,77.7,102.2,104.8,8068.0,7707.0,13.0,11.6,40.3,42.0,1.4,0.9
239,70.7,79.3,113.5,112.4,7.5,4.8,6.0,8.5,5.9,8.4,55.4,53.1,35.7,35.1,8.7,7.4,2.2,1.7,21.2,32.2,106.06,100.72,59.0,66.2,2.0,1.0,81.5,78.1,106.8,105.7,8251.0,8078.0,13.7,11.9,48.3,45.3,2.0,1.0
240,73.2,56.10000000000001,102.5,98.5,4.6,4.6,5.4,0.7,5.9,0.6,54.0,52.5,34.1,34.9,7.4,8.0,1.5,2.4,20.5,29.4,103.61,98.01,70.7,40.6,1.0,5.0,77.8,74.2,102.3,102.4,7775.0,7844.0,14.2,12.6,48.2,39.0,1.6,1.4
241,72.0,54.900000000000006,101.5,100.5,5.8,4.2,6.5,-0.3,6.7,-0.4,55.6,48.5,34.8,36.4,7.5,7.1,2.7,2.2,34.9,32.1,97.27,100.88,59.7,52.1,1.0,5.0,67.2,72.5,102.2,105.9,7647.0,7816.0,12.9,14.8,47.1,42.6,1.9,1.1
242,60.6,59.1,96.6,91.8,4.6,5.5,3.4,2.5,3.8,2.6,52.6,53.5,34.4,30.8,7.5,7.8,2.3,1.9,38.1,32.2,94.32,96.2,64.0,54.1,5.0,4.0,74.0,77.8,100.4,97.5,6117.0,6055.0,12.6,13.5,43.5,43.1,2.0,1.6
243,57.3,68.10000000000001,117.0,116.3,4.8,4.7,4.9,6.4,4.8,6.3,52.1,53.2,35.1,34.5,7.0,7.5,2.3,2.3,31.1,35.2,101.17,101.58,46.7,53.3,7.0,2.0,77.9,79.1,111.2,106.9,7569.0,7396.0,13.4,12.4,38.2,47.9,1.4,1.7
244,73.2,63.4,99.1,99.9,6.0,5.4,6.1,3.9,6.7,4.1,55.1,53.8,36.1,36.1,6.5,6.8,2.2,1.9,35.1,37.4,94.2,95.7,63.0,52.6,4.0,2.0,78.3,70.0,103.2,103.4,7397.0,7622.0,12.8,11.9,41.1,45.3,1.2,1.3
245,89.0,50.0,114.9,106.5,6.1,5.2,10.8,0.2,10.6,0.0,56.7,49.0,33.2,36.1,8.7,9.0,2.2,2.1,34.0,28.8,100.8,99.19,78.2,57.6,1.0,8.0,76.3,69.4,102.8,107.3,8303.0,8139.0,13.8,14.7,46.5,40.6,1.9,1.3
246,68.10000000000001,47.2,113.6,116.6,6.2,4.1,5.6,-1.8,5.5,-1.6,53.6,49.6,36.0,36.9,7.2,8.2,2.0,2.3,38.5,29.1,101.78,110.54,63.8,51.6,1.0,8.0,76.7,76.9,107.0,112.3,7272.0,7585.0,11.6,13.7,44.3,45.5,1.4,1.7
247,62.2,67.10000000000001,94.0,101.7,5.2,5.3,2.2,5.8,2.3,5.7,52.1,54.0,34.9,35.5,8.3,8.1,2.4,3.2,29.5,30.4,101.26,94.49,65.0,55.4,6.0,3.0,75.5,77.1,96.7,98.5,7792.0,8010.0,12.6,13.5,43.5,36.2,1.7,1.5
248,61.0,70.7,110.9,113.5,3.8,7.5,0.9,6.0,1.0,5.9,50.2,55.4,36.8,35.7,7.5,8.7,1.8,2.2,33.3,21.2,101.1,106.06,60.1,59.0,4.0,2.0,77.9,81.5,111.1,106.8,8114.0,8251.0,12.7,13.7,45.3,48.3,1.2,2.0
249,61.1,73.2,117.8,113.4,5.2,6.6,3.0,5.8,2.7,5.6,49.4,53.9,34.9,34.9,8.0,8.2,1.8,2.1,33.3,29.9,106.81,101.39,65.1,55.7,4.0,1.0,79.1,72.9,109.8,106.1,7539.0,7211.0,14.1,12.0,42.2,41.0,1.4,1.5
250,65.9,52.400000000000006,93.3,99.1,6.1,3.9,3.9,-0.7,4.3,-0.7,54.2,49.3,33.8,36.2,7.4,8.3,2.7,2.4,35.5,32.8,93.06,100.86,57.2,50.3,2.0,7.0,73.9,78.9,99.6,102.5,7364.0,7985.0,12.1,13.4,37.9,36.7,1.5,1.3
251,59.8,61.0,96.4,94.3,3.6,6.9,2.2,2.1,2.2,2.3,50.0,52.3,34.0,36.2,7.6,7.9,2.4,2.1,32.2,30.9,97.33,99.03,62.0,55.3,3.0,2.0,76.4,75.6,99.9,100.9,7738.0,7495.0,13.6,13.2,40.2,37.8,1.5,1.2
252,64.60000000000001,64.60000000000001,106.5,104.2,5.1,4.9,4.1,5.3,4.4,5.7,52.4,55.0,34.9,35.4,7.0,7.7,2.8,2.9,41.7,33.9,94.51,97.17,52.2,49.9,4.0,5.0,77.2,74.1,106.5,104.0,7876.0,7791.0,14.0,12.1,43.6,44.9,1.2,1.7
253,61.1,61.1,117.8,110.4,5.2,4.9,3.0,2.0,2.7,2.1,49.4,51.9,34.9,34.0,8.0,7.0,1.8,1.8,33.3,31.6,106.81,101.31,65.1,67.3,4.0,5.0,79.1,79.6,109.8,108.1,7539.0,7218.0,14.1,12.6,42.2,49.2,1.4,1.3
254,50.0,59.8,93.9,93.8,5.0,3.4,1.9,1.4,2.0,1.5,51.4,51.3,34.3,34.8,8.1,7.2,2.0,2.1,34.9,40.4,99.16,101.35,44.0,60.2,6.0,3.0,73.7,75.8,101.0,100.9,7470.0,7513.0,13.1,10.7,37.7,37.9,0.9,1.2
255,54.900000000000006,65.9,99.4,108.4,4.3,5.0,2.5,5.5,2.6,5.4,51.8,54.7,35.3,36.3,6.5,7.2,2.8,2.6,36.7,31.8,94.05,93.87,48.4,54.7,7.0,2.0,74.5,80.6,104.2,104.7,7632.0,8067.0,13.2,14.6,42.9,44.4,1.4,1.7
256,48.8,64.60000000000001,101.4,103.1,3.6,4.1,0.2,4.5,0.3,4.8,49.8,51.4,33.6,34.3,7.1,7.8,2.6,2.1,33.8,41.9,105.64,95.26,46.4,54.1,7.0,2.0,75.4,75.1,103.5,105.3,8007.0,7682.0,13.5,12.4,39.5,40.8,1.8,1.2
257,65.9,68.30000000000001,90.1,98.2,7.0,4.6,5.8,3.9,6.5,4.1,55.8,53.8,30.2,33.7,7.9,7.5,2.3,2.5,40.2,31.4,95.21,97.97,54.5,68.2,3.0,2.0,75.3,69.3,93.9,100.1,7365.0,7729.0,12.7,13.1,38.4,41.4,1.3,1.6
258,59.8,53.7,98.8,94.6,5.4,5.4,5.0,-0.9,5.2,-1.2,53.9,50.8,34.9,35.5,7.5,6.9,2.3,3.3,30.4,33.9,105.18,97.53,59.6,58.5,5.0,4.0,73.4,69.0,98.8,104.6,7790.0,7503.0,11.9,13.3,40.1,44.1,1.2,1.7
259,50.6,65.9,96.5,100.0,4.5,3.6,-0.2,4.2,-0.5,4.5,50.7,51.2,34.2,35.7,7.8,6.4,2.7,1.8,28.0,35.8,93.95,93.36,49.1,56.6,7.0,2.0,77.6,75.9,102.6,105.4,7652.0,7462.0,14.2,12.4,37.3,38.0,2.3,0.9
260,62.2,81.69999999999999,110.3,115.9,4.0,6.8,3.2,11.6,3.1,11.4,51.0,57.9,36.1,32.4,7.3,8.6,2.1,2.0,30.4,37.5,103.37,98.98,56.0,56.7,2.0,1.0,74.8,78.8,109.7,103.4,8019.0,8279.0,13.7,14.0,45.3,41.7,1.7,1.9
261,68.30000000000001,67.10000000000001,106.7,103.2,5.0,5.4,6.6,6.2,6.9,6.3,54.0,54.5,34.9,36.0,6.7,7.9,2.1,2.2,29.4,30.6,106.01,97.02,59.3,49.5,3.0,6.0,71.0,78.0,104.7,101.4,7844.0,7860.0,12.8,11.9,38.2,39.9,1.1,1.9
262,72.0,75.6,106.2,105.4,6.1,5.1,6.3,7.7,6.4,8.1,54.3,55.5,35.8,35.3,8.2,7.7,2.3,1.8,28.6,27.4,100.15,97.52,52.9,63.7,2.0,1.0,80.6,78.5,103.0,101.4,7954.0,7887.0,12.3,12.7,38.5,49.0,1.1,2.1
263,65.9,64.60000000000001,110.7,114.7,4.4,5.0,4.0,4.2,4.0,4.2,52.4,52.1,33.9,35.9,7.4,7.4,1.6,2.1,41.8,40.3,102.39,105.69,60.6,55.8,2.0,3.0,75.5,81.4,108.1,109.5,8096.0,8269.0,12.1,13.7,45.2,42.3,1.6,1.4
